,0
0,11.3
1,10.2
2,15.5
3,10.8
4,3.0
5,5.4
6,8.8
7,11.3
8,8.5
9,9.1
10,11.2
11,7.9
12,33.0
13,8.6
14,6.1
15,20.7
16,7.4
17,12.3
18,10.3
19,12.2
20,10.7
21,48.9
22,12.6
23,9.9
24,12.4
25,13.1
26,6.1
27,8.7
28,11.2
29,11.8
30,37.5
31,24.4
32,9.4
33,6.6
34,12.0
35,9.3
36,10.7
37,4.7
38,0.0
39,7.9
40,2.9
41,28.2
42,13.6
43,5.7
44,4.5
45,11.0
46,20.0
47,6.4
48,21.0
49,8.7
50,14.0
51,9.9
52,10.2
53,11.4
54,7.5
55,22.6
56,8.4
57,10.5
58,13.1
59,9.3
60,11.9
61,12.4
62,15.5
63,3.6
64,9.5
65,44.8
66,0.0
67,20.4
68,0.0
69,9.2
70,12.2
71,23.7
72,17.8
73,4.1
74,16.0
75,10.7
76,10.1
77,7.8
78,4.7
79,16.3
80,9.9
81,19.5
82,11.2
83,17.1
84,9.9
85,11.0
86,9.6
87,6.65
88,38.6
89,4.1
90,11.6
91,32.1
92,20.9
93,11.6
94,8.5
95,10.2
96,10.1
97,0.0
98,14.4
99,12.8
100,17.8
101,10.3
102,9.6
103,16.0
104,5.5
105,11.1
106,21.9
107,26.4
108,3.6
109,12.1
110,9.0
111,0.0
112,11.1
113,4.0
114,37.3
115,9.6
116,8.2
117,11.4
118,17.2
119,12.3
120,16.9
121,10.1
122,16.5
123,9.6
124,6.5
125,8.5
126,30.0
127,18.8
128,7.5
129,21.7
130,12.6
131,9.2
132,19.8
133,0.0
134,28.5
135,7.8
136,5.6
137,13.1
138,15.7
139,0.0
140,10.4
141,24.7
142,13.0
143,3.6
144,12.4
145,23.5
146,32.1
147,11.1
148,8.8
149,13.2
150,9.5
151,13.2
152,8.0
153,37.8
154,5.1
155,11.8
156,10.9
157,7.7
158,7.7
159,26.1
160,9.2
161,17.2
162,7.4
163,6.8
164,10.3
165,11.4
166,7.1
167,9.4
168,10.0
169,8.3
170,6.8
171,13.0
172,18.5
173,33.6
174,0.0
175,8.0
176,18.0
177,0.0
178,22.5
179,9.2
180,8.3
181,9.3
182,4.4
183,11.0
184,12.1
185,8.9
186,2.9
187,6.4
188,10.6
189,10.8
190,2.9
191,21.8
192,6.3
193,10.3
194,11.2
195,9.3
196,10.8
197,10.8
198,8.2
199,7.3
200,12.4
201,5.0
202,25.7
203,0.0
204,10.0
205,9.5
206,10.4
207,6.1
208,8.6
209,40.3
210,11.0
211,16.5
212,13.0
213,7.8
214,9.1
215,18.1
216,10.6
217,10.0
218,17.6
219,0.0
220,3.1
221,29.9
222,14.2
223,9.8
224,33.5
225,0.0
226,14.5
227,10.2
228,66.4
229,18.1
230,12.5
231,8.7
232,3.7
233,9.3
234,7.3
235,10.7
236,16.3
237,8.0
238,10.2
239,9.8
240,18.0
241,9.7
242,10.0
243,7.1
244,9.7
245,12.0
246,10.1
247,0.0
248,14.1
249,8.7
250,5.1
251,12.1
252,39.3
253,5.0
254,7.5
255,6.4
256,8.7
257,59.8
258,13.5
259,5.9
260,0.0
261,6.7
262,9.7
263,6.0
264,11.2
265,9.3
266,5.8
267,0.0
268,3.7
269,7.1
270,11.4
271,0.0
272,0.0
273,15.3
274,7.8
275,11.2
276,13.3
277,62.6
278,23.2
279,13.9
280,0.0
281,21.3
282,5.1
283,10.2
284,10.7
285,11.0
286,8.6
287,27.8
288,4.0
289,23.6
290,12.4
291,3.2
292,16.2
293,7.9
294,3.9
295,9.5
296,41.5
297,9.7
298,3.6
299,6.2
300,3.2
301,5.0
302,6.4
303,12.2
304,26.6
305,4.9
306,7.9
307,9.2
308,3.5
309,2.9
310,12.9
311,30.1
312,17.3
313,22.9
314,12.8
315,26.2
316,11.3
317,25.6
318,8.0
319,19.3
320,19.6
321,7.9
322,10.3
323,9.8
324,37.1
325,35.6
326,9.8
327,12.5
328,16.7
329,28.2
330,10.5
331,11.0
332,17.2
333,7.8
334,11.0
335,5.7
336,11.4
337,9.1
338,32.9
339,31.7
340,23.6
341,13.8
342,10.2
343,0.0
344,8.3
345,6.9
346,10.1
347,4.6
348,35.6
349,9.2
350,6.4
351,0.0
352,9.0
353,8.0
354,11.6
355,21.9
356,22.1
357,14.0
358,8.4
359,14.1
360,6.4
361,9.3
362,8.5
363,15.5
364,15.7
365,8.7
366,3.3
367,7.4
368,9.8
369,24.5
370,0.0
371,12.3
372,10.3
373,0.0
374,20.1
375,9.1
376,10.5
377,10.5
378,8.1
379,6.5
380,4.6
381,26.9
382,24.1
383,0.0
384,4.4
385,12.1
386,10.3
387,9.7
388,8.5
389,10.7
390,10.3
391,9.2
392,3.9
393,9.0
394,19.7
395,8.4
396,19.9
397,32.1
398,10.2
399,9.8
400,8.1
401,11.4
402,10.9
403,8.3
404,26.1
405,9.9
406,11.8
407,41.6
408,10.9
409,13.5
410,9.3
411,7.8
412,19.2
413,10.5
414,8.6
415,10.9
416,9.6
417,12.7
418,3.5
419,1.8
420,37.6
421,16.0
422,21.1
423,11.4
424,8.5
425,8.0
426,2.2
427,8.0
428,23.5
429,5.8
430,0.0
431,3.7
432,3.2
433,6.7
434,5.7
435,11.6
436,8.7
437,2.5
438,7.8
439,14.2
440,17.5
441,6.9
442,13.8
443,10.7
444,11.1
445,9.2
446,12.0
447,8.0
448,5.8
449,49.6
450,12.4
451,2.9
452,10.9
453,8.2
454,14.4
455,1.1
456,8.8
457,8.9
458,12.1
459,23.3
460,9.2
461,5.1
462,9.7
463,18.1
464,0.0
465,38.0
466,12.5
467,7.6
468,5.7
469,8.3
470,9.1
471,8.0
472,9.6
473,12.0
474,11.5
475,20.4
476,0.0
477,11.0
478,10.1
479,10.7
480,19.7
481,0.0
482,10.7
483,0.0
484,20.9
485,10.5
486,16.0
487,10.0
488,4.6
489,11.4
490,15.0
491,22.7
492,8.6
493,12.7
494,0.0
495,19.0
496,16.5
497,17.9
498,27.3
499,8.5
500,9.6
501,12.1
502,18.0
503,11.4
504,8.0
505,25.9
506,20.4
507,27.1
508,19.3
509,6.9
510,32.4
511,0.0
512,10.6
513,9.7
514,12.2
515,15.8
516,4.8
517,10.4
518,14.1
519,3.2
520,10.5
521,10.0
522,11.0
523,5.6
524,8.4
525,9.0
526,22.2
527,17.0
528,19.6
529,52.0
530,4.4
531,0.0
532,10.2
533,21.6
534,19.3
535,0.0
536,11.6
537,8.8
538,10.2
539,13.6
540,8.1
541,6.4
542,10.4
543,15.7
544,22.6
545,0.0
546,4.0
547,11.0
548,7.9
549,4.3
550,12.5
551,8.8
552,19.3
553,5.1
554,7.9
555,14.7
556,0.0
557,62.4
558,3.3
559,9.6
560,6.4
561,8.8
562,9.1
563,11.3
564,9.1
565,4.1
566,9.2
567,4.3
568,11.4
569,1.0
570,18.6
571,11.5
572,10.9
573,10.3
574,10.1
575,14.2
576,57.5
577,18.2
578,18.6
579,24.0
580,8.4
581,0.0
582,11.2
583,26.0
584,15.0
585,18.1
586,16.0
587,10.2
588,0.0
589,7.6
590,34.3
591,21.7
592,3.9
593,22.3
594,10.9
595,4.0
596,5.8
597,8.5
598,11.9
599,6.4
600,20.1
601,9.9
602,6.5
603,17.2
604,9.4
605,5.6
606,24.2
607,8.2
608,8.3
609,20.5
610,10.5
611,4.4
612,10.6
613,9.4
614,9.8
615,8.7
616,10.5
617,28.4
618,13.4
619,6.7
620,21.4
621,12.9
622,14.4
623,12.8
624,8.1
625,45.4
626,10.9
627,11.1
628,12.2
629,12.0
630,10.1
631,27.3
632,30.2
633,9.4
634,2.4
635,8.1
636,10.7
637,6.7
638,47.6
639,25.8
640,69.4
641,6.6
642,5.0
643,7.2
644,8.55
645,10.1
646,9.9
647,30.6
648,11.8
649,10.7
650,7.4
651,13.2
652,6.6
653,5.5
654,11.7
655,5.7
656,11.3
657,11.1
658,9.1
659,11.0
660,14.7
661,3.1
662,5.9
663,7.7
664,7.6
665,9.0
666,10.7
667,12.2
668,33.1
669,8.0
670,7.7
671,8.1
672,18.3
673,10.1
674,9.9
675,17.3
676,7.1
677,5.8
678,13.1
679,16.2
680,1.3
681,22.6
682,10.6
683,9.0
684,11.6
685,5.8
686,6.8
687,20.8
688,60.1
689,9.1
690,10.0
691,7.8
692,3.9
693,8.2
694,23.2
695,12.7
696,4.2
697,30.2
698,10.7
699,9.8
700,5.6
701,7.7
702,16.4
703,10.3
704,11.3
705,12.5
706,5.8
707,5.1
708,14.0
709,15.8
710,5.5
711,11.1
712,13.0
713,5.6
714,3.9
715,47.0
716,10.9
717,9.3
718,24.9
719,9.1
720,9.9
721,23.8
722,0.0
723,11.1
724,9.7
725,5.6
726,17.0
727,8.8
728,1.3
729,12.3
730,25.8
731,54.1
732,8.5
733,7.4
734,6.1
735,20.9
736,5.7
737,15.4
738,9.0
739,21.8
740,7.7
741,13.5
742,16.6
743,11.8
744,13.3
745,11.0
746,0.0
747,8.7
748,16.3
749,4.2
750,8.6
751,9.7
752,10.8
753,15.6
754,8.5
755,6.9
756,7.4
757,10.2
758,11.6
759,10.2
760,7.0
761,12.7
762,9.5
763,10.8
764,0.0
765,16.2
766,10.2
767,0.0
768,25.2
769,3.6
770,21.2
771,3.2
772,11.8
773,7.1
774,6.6
775,5.6
776,0.0
777,11.7
778,3.2
779,5.7
780,4.1
781,13.0
782,5.9
783,15.4
784,20.8
785,32.6
786,8.4
787,0.0
788,14.2
789,15.3
790,13.4
791,9.2
792,5.9
793,46.2
794,8.8
795,6.1
796,17.5
797,11.8
798,24.2
799,9.8
800,22.4
801,13.3
802,8.1
803,9.1
804,4.4
805,10.3
806,8.0
807,8.7
808,8.1
809,0.0
810,4.9
811,0.0
812,0.0
813,20.1
814,0.0
815,11.2
816,11.6
817,2.6
818,13.1
819,10.6
820,15.3
821,7.1
822,10.0
823,12.3
824,8.3
825,0.0
826,8.1
827,5.3
828,6.9
829,11.3
830,11.1
831,13.3
832,12.6
833,10.55
834,10.5
835,9.3
836,10.7
837,17.0
838,9.6
839,9.9
840,25.8
841,11.1
842,10.1
843,7.3
844,10.9
845,8.4
846,13.1
847,10.8
848,9.0
849,12.8
850,8.1
851,5.9
852,16.0
853,3.9
854,10.0
855,11.6
856,8.8
857,23.3
858,9.0
859,21.3
860,53.6
861,10.3
862,21.5
863,7.2
864,10.2
865,8.4
866,0.0
867,6.6
868,8.1
869,6.3
870,6.9
871,7.2
872,11.8
873,7.9
874,4.8
875,9.2
876,4.0
877,9.8
878,0.0
879,6.0
880,10.1
881,6.8
882,11.9
883,2.0
884,11.6
885,9.8
886,9.0
887,0.0
888,4.0
889,0.0
890,7.4
891,5.0
892,15.1
893,4.9
894,17.7
895,9.3
896,12.0
897,9.5
898,9.5
899,37.7
900,9.2
901,8.1
902,8.9
903,8.1
904,7.3
905,3.7
906,26.7
907,7.4
908,4.5
909,7.1
910,10.7
911,32.5
912,5.8
913,2.2
914,8.4
915,5.4
916,16.5
917,13.4
918,9.9
919,6.1
920,56.1
921,8.8
922,8.3
923,19.1
924,0.0
925,0.0
926,0.0
927,6.6
928,13.5
929,7.6
930,11.3
931,2.8
932,14.1
933,65.6
934,10.2
935,0.0
936,25.0
937,14.0
938,0.0
939,15.4
940,6.7
941,9.8
942,26.2
943,6.4
944,24.1
945,39.6
946,12.2
947,7.7
948,0.0
949,0.0
950,8.5
951,21.6
952,6.7
953,4.5
954,9.4
955,6.7
956,11.0
957,13.7
958,11.2
959,9.4
960,10.0
961,1.8
962,9.7
963,6.7
964,0.0
965,12.4
966,15.5
967,7.1
968,15.7
969,9.9
970,10.0
971,6.4
972,16.5
973,0.0
974,2.6
975,8.3
976,25.2
977,8.4
978,13.9
979,3.5
980,10.9
981,15.1
982,7.3
983,11.1
984,8.6
985,7.0
986,9.9
987,9.4
988,4.1
989,11.3
990,38.8
991,6.5
992,32.6
993,8.8
994,6.7
995,3.3
996,13.8
997,6.4
998,10.8
999,8.0
1000,16.7
1001,18.0
1002,0.0
1003,25.8
1004,4.9
1005,7.9
1006,7.4
1007,11.8
1008,7.0
1009,23.4
1010,21.9
1011,7.0
1012,12.3
1013,9.7
1014,9.5
1015,13.1
1016,14.4
1017,13.75
1018,7.3
1019,7.4
1020,2.0
1021,7.7
1022,5.6
1023,12.4
1024,6.7
1025,11.8
1026,3.9
1027,37.9
1028,7.9
1029,9.3
1030,5.8
1031,8.8
1032,8.0
1033,7.6
1034,0.0
1035,29.4
1036,8.1
1037,43.4
1038,13.1
1039,0.0
1040,7.2
1041,19.0
1042,13.3
1043,8.1
1044,10.8
1045,6.8
1046,12.8
1047,9.5
1048,11.5
1049,10.2
1050,9.6
1051,4.4
1052,11.7
1053,5.5
1054,8.7
1055,6.5
1056,15.2
1057,8.7
1058,6.7
1059,5.0
1060,10.3
1061,3.1
1062,20.1
1063,0.0
1064,6.5
1065,11.1
1066,12.2
1067,17.0
1068,11.3
1069,12.5
1070,7.0
1071,13.5
1072,9.8
1073,10.4
1074,17.7
1075,9.6
1076,9.9
1077,14.1
1078,15.1
1079,8.1
1080,10.2
1081,10.0
1082,0.0
1083,17.5
1084,8.4
1085,8.5
1086,4.3
1087,13.9
1088,9.9
1089,63.7
1090,0.0
1091,2.6
1092,20.8
1093,9.7
1094,11.1
1095,9.7
1096,12.9
1097,11.6
1098,0.0
1099,48.5
1100,21.3
1101,8.5
1102,12.7
1103,6.6
1104,10.0
1105,9.6
1106,6.4
1107,8.3
1108,11.3
1109,9.9
1110,9.7
1111,8.5
1112,12.0
1113,3.0
1114,5.7
1115,9.7
1116,6.0
1117,22.9
1118,9.7
1119,3.7
1120,11.1
1121,8.0
1122,3.5
1123,2.4
1124,76.7
1125,24.1
1126,8.8
1127,11.6
1128,8.9
1129,9.9
1130,6.9
1131,8.1
1132,15.4
1133,30.4
1134,9.6
1135,9.8
1136,12.6
1137,9.3
1138,3.2
1139,65.9
1140,7.2
1141,6.4
1142,22.8
1143,11.1
1144,10.9
1145,14.6
1146,10.9
1147,5.4
1148,36.9
1149,9.2
1150,8.7
1151,10.6
1152,20.9
1153,4.7
1154,10.1
1155,0.0
1156,10.2
1157,7.6
1158,6.3
1159,6.9
1160,34.0
1161,11.9
1162,21.7
1163,10.3
1164,9.5
1165,6.6
1166,8.6
1167,9.0
1168,13.0
1169,9.0
1170,35.1
1171,0.0
1172,7.0
1173,9.4
1174,0.0
1175,7.7
1176,11.6
1177,52.0
1178,9.3
1179,10.1
1180,8.7
1181,10.5
1182,11.6
1183,9.6
1184,0.0
1185,8.5
1186,11.1
1187,10.0
1188,7.2
1189,8.0
1190,8.1
1191,0.0
1192,69.2
1193,61.4
1194,13.5
1195,9.1
1196,7.9
1197,10.0
1198,16.2
1199,9.9
1200,1.5
1201,6.8
1202,12.4
1203,7.9
1204,10.9
1205,42.0
1206,61.3
1207,54.2
1208,10.0
1209,10.7
1210,8.1
1211,14.7
1212,6.5
1213,31.2
1214,11.8
1215,7.3
1216,4.9
1217,11.8
1218,12.6
1219,10.0
1220,7.1
1221,7.1
1222,22.2
1223,34.5
1224,11.9
1225,8.8
1226,15.5
1227,1.4
1228,11.3
1229,21.8
1230,8.4
1231,7.0
1232,10.5
1233,39.3
1234,3.9
1235,10.8
1236,35.7
1237,19.4
1238,0.0
1239,12.0
1240,5.3
1241,7.3
1242,8.4
1243,7.1
1244,9.9
1245,0.0
1246,10.2
1247,7.6
1248,11.7
1249,8.2
1250,7.2
1251,10.4
1252,0.0
1253,14.8
1254,12.5
1255,17.9
1256,3.5
1257,12.7
1258,9.6
1259,0.0
1260,4.1
1261,23.4
1262,16.5
1263,10.1
1264,5.4
1265,9.0
1266,8.0
1267,29.8
1268,14.7
1269,12.8
1270,9.3
1271,8.0
1272,8.2
1273,38.3
1274,28.5
1275,20.2
1276,10.2
1277,7.2
1278,9.8
1279,10.5
1280,3.8
1281,2.0
1282,10.4
1283,9.2
1284,5.8
1285,10.8
1286,24.6
1287,0.0
1288,17.4
1289,15.6
1290,5.8
1291,4.7
1292,9.4
1293,17.5
1294,5.2
1295,19.2
1296,8.4
1297,11.7
1298,9.8
1299,16.6
1300,10.2
1301,7.4
1302,8.8
1303,13.6
1304,36.3
1305,3.9
1306,11.6
1307,64.3
1308,9.0
1309,12.0
1310,61.6
1311,9.9
1312,7.6
1313,10.7
1314,14.4
1315,10.2
1316,10.7
1317,2.4
1318,9.6
1319,3.0
1320,64.3
1321,5.5
1322,7.4
1323,12.1
1324,15.1
1325,8.5
1326,6.9
1327,8.7
1328,10.1
1329,33.8
1330,9.4
1331,9.7
1332,10.5
1333,57.2
1334,20.9
1335,7.5
1336,11.0
1337,23.3
1338,5.3
1339,9.1
1340,2.9
1341,13.6
1342,7.8
1343,9.5
1344,10.2
1345,10.5
1346,9.1
1347,14.5
1348,4.7
1349,0.0
1350,3.5
1351,8.9
1352,3.5
1353,39.7
1354,4.2
1355,11.1
1356,13.2
1357,12.1
1358,10.4
1359,10.9
1360,23.9
1361,17.0
1362,18.5
1363,12.4
1364,64.1
1365,8.5
1366,10.1
1367,7.3
1368,21.0
1369,4.1
1370,7.4
1371,3.2
1372,7.3
1373,9.2
1374,7.4
1375,5.6
1376,0.0
1377,9.9
1378,7.8
1379,0.0
1380,9.6
1381,12.6
1382,5.5
1383,9.2
1384,22.7
1385,8.9
1386,0.0
1387,34.4
1388,9.8
1389,12.7
1390,21.1
1391,10.6
1392,6.7
1393,8.0
1394,0.0
1395,15.4
1396,15.6
1397,10.4
1398,12.2
1399,9.2
1400,10.4
1401,16.3
1402,16.1
1403,13.2
1404,9.8
1405,10.9
1406,0.0
1407,6.8
1408,11.5
1409,12.5
1410,7.3
1411,10.4
1412,4.2
1413,8.7
1414,9.3
1415,9.6
1416,10.6
1417,10.2
1418,8.3
1419,5.4
1420,10.6
1421,35.9
1422,2.5
1423,12.5
1424,0.0
1425,18.6
1426,52.7
1427,17.9
1428,8.4
1429,6.7
1430,6.9
1431,8.1
1432,13.6
1433,2.8
1434,8.4
1435,14.5
1436,17.0
1437,6.7
1438,9.1
1439,9.6
1440,6.0
1441,8.9
1442,11.0
1443,10.0
1444,10.8
1445,7.0
1446,10.7
1447,7.3
1448,6.3
1449,3.7
1450,2.6
1451,9.7
1452,4.6
1453,12.5
1454,9.5
1455,16.9
1456,10.7
1457,46.0
1458,7.4
1459,11.9
1460,16.7
1461,6.9
1462,12.9
1463,14.3
1464,72.6
1465,10.0
1466,10.3
1467,4.7
1468,0.0
1469,13.8
1470,5.4
1471,12.9
1472,11.9
1473,19.8
1474,8.4
1475,8.9
1476,0.0
1477,0.0
1478,4.2
1479,8.5
1480,9.5
1481,9.5
1482,3.3
1483,6.1
1484,13.0
1485,0.0
1486,27.8
1487,11.8
1488,10.6
1489,0.0
1490,48.3
1491,7.7
1492,8.4
1493,0.0
1494,0.0
1495,13.1
1496,6.1
1497,0.0
1498,25.3
1499,10.3
1500,12.0
1501,8.3
1502,10.6
1503,6.0
1504,3.2
1505,53.5
1506,5.3
1507,19.3
1508,58.8
1509,14.1
1510,10.8
1511,10.0
1512,3.3
1513,13.0
1514,7.8
1515,10.0
1516,27.6
1517,24.2
1518,9.3
1519,7.3
1520,6.5
1521,8.3
1522,7.8
1523,7.4
1524,4.5
1525,12.6
1526,0.0
1527,21.6
1528,9.5
1529,8.9
1530,9.2
1531,11.8
1532,13.9
1533,23.4
1534,20.7
1535,13.5
1536,17.0
1537,8.3
1538,4.0
1539,34.4
1540,13.3
1541,3.4
1542,7.5
1543,6.6
1544,3.5
1545,9.1
1546,14.3
1547,3.9
1548,9.2
1549,14.0
1550,10.4
1551,10.5
1552,11.8
1553,8.3
1554,17.8
1555,18.9
1556,10.0
1557,48.0
1558,33.9
1559,5.3
1560,10.1
1561,8.0
1562,11.3
1563,7.3
1564,10.2
1565,3.6
1566,13.1
1567,8.2
1568,7.4
1569,2.8
1570,4.2
1571,16.8
1572,14.7
1573,14.1
1574,13.4
1575,3.9
1576,6.6
1577,29.4
1578,11.5
1579,7.6
1580,0.0
1581,8.0
1582,11.8
1583,5.8
1584,0.0
1585,7.8
1586,10.9
1587,7.5
1588,10.1
1589,0.0
1590,8.8
1591,5.0
1592,14.2
1593,7.8
1594,29.3
1595,0.4
1596,8.1
1597,6.5
1598,8.0
1599,3.9
1600,16.2
1601,10.2
1602,5.7
1603,12.5
1604,19.9
1605,11.1
1606,0.0
1607,7.8
1608,2.3
1609,20.9
1610,5.6
1611,4.1
1612,8.9
1613,10.6
1614,38.2
1615,9.0
1616,5.1
1617,0.0
1618,9.0
1619,34.8
1620,40.9
1621,9.6
1622,6.3
1623,7.9
1624,9.6
1625,11.3
1626,0.0
1627,13.7
1628,8.4
1629,12.1
1630,9.5
1631,11.5
1632,10.3
1633,7.4
1634,15.7
1635,11.8
1636,8.6
1637,0.0
1638,1.7
1639,12.7
1640,0.0
1641,39.0
1642,14.1
1643,0.0
1644,14.1
1645,15.3
1646,10.85
1647,0.0
1648,7.4
1649,24.0
1650,20.5
1651,7.8
1652,10.2
1653,0.0
1654,13.9
1655,13.5
1656,3.7
1657,18.3
1658,8.4
1659,10.0
1660,14.7
1661,20.5
1662,0.0
1663,2.6
1664,5.5
1665,11.3
1666,10.3
1667,21.3
1668,5.3
1669,6.2
1670,9.1
1671,15.6
1672,18.3
1673,11.8
1674,9.7
1675,5.8
1676,13.8
1677,12.4
1678,9.6
1679,10.5
1680,10.4
1681,56.3
1682,0.0
1683,29.1
1684,5.7
1685,15.2
1686,3.7
1687,9.2
1688,14.6
1689,26.2
1690,6.9
1691,10.8
1692,10.3
1693,9.2
1694,8.3
1695,0.0
1696,5.3
1697,19.2
1698,8.0
1699,5.4
1700,10.4
1701,43.0
1702,7.2
1703,11.3
1704,0.0
1705,74.9
1706,8.3
1707,7.6
1708,8.4
1709,11.2
1710,41.1
1711,10.7
1712,6.3
1713,10.1
1714,6.7
1715,15.0
1716,0.0
1717,7.5
1718,9.0
1719,10.3
1720,14.4
1721,7.7
1722,16.5
1723,1.1
1724,0.0
1725,4.0
1726,9.7
1727,9.0
1728,10.0
1729,8.7
1730,23.0
1731,3.2
1732,7.7
1733,9.8
1734,7.2
1735,5.7
1736,8.4
1737,7.9
1738,26.0
1739,11.0
1740,8.1
1741,0.0
1742,7.3
1743,8.4
1744,32.1
1745,13.5
1746,5.5
1747,12.3
1748,10.7
1749,14.6
1750,9.5
1751,0.0
1752,18.3
1753,14.4
1754,5.9
1755,11.8
1756,9.5
1757,35.6
1758,0.0
1759,2.7
1760,4.5
1761,22.8
1762,6.1
1763,8.4
1764,10.6
1765,6.1
1766,8.7
1767,9.0
1768,13.6
1769,8.1
1770,15.7
1771,0.0
1772,10.4
1773,9.7
1774,36.2
1775,6.7
1776,15.7
1777,3.1
1778,19.3
1779,15.7
1780,7.5
1781,2.1
1782,5.1
1783,7.3
1784,10.9
1785,15.9
1786,8.5
1787,11.0
1788,11.3
1789,8.3
1790,0.0
1791,3.0
1792,5.3
1793,10.1
1794,12.1
1795,10.4
1796,5.9
1797,7.4
1798,22.4
1799,33.7
1800,9.3
1801,3.9
1802,11.2
1803,3.0
1804,15.8
1805,0.0
1806,5.4
1807,12.0
1808,7.2
1809,9.8
1810,5.1
1811,13.8
1812,0.0
1813,18.3
1814,12.5
1815,6.2
1816,9.2
1817,13.9
1818,18.6
1819,9.9
1820,0.0
1821,10.9
1822,9.1
1823,21.0
1824,47.1
1825,11.4
1826,9.5
1827,9.6
1828,6.7
1829,23.9
1830,10.2
1831,0.0
1832,9.1
1833,34.0
1834,16.6
1835,7.0
1836,10.6
1837,7.1
1838,12.2
1839,8.4
1840,0.0
1841,4.5
1842,10.8
1843,1.2
1844,9.3
1845,7.1
1846,0.0
1847,8.8
1848,8.9
1849,10.4
1850,16.5
1851,5.6
1852,42.4
1853,11.8
1854,3.1
1855,11.7
1856,12.6
1857,14.1
1858,8.7
1859,25.1
1860,1.9
1861,14.4
1862,7.3
1863,11.6
1864,11.0
1865,81.9
1866,10.8
1867,4.1
1868,9.9
1869,16.8
1870,8.4
1871,10.7
1872,0.0
1873,13.0
1874,9.3
1875,14.1
1876,16.4
1877,11.4
1878,3.4
1879,32.0
1880,13.6
1881,63.0
1882,0.0
1883,23.4
1884,38.3
1885,9.6
1886,10.3
1887,9.2
1888,4.6
1889,12.1
1890,2.3
1891,11.2
1892,4.5
1893,22.2
1894,0.0
1895,10.4
1896,4.7
1897,11.3
1898,44.1
1899,8.9
1900,9.6
1901,9.9
1902,10.4
1903,19.7
1904,0.0
1905,9.5
1906,11.9
1907,26.7
1908,6.2
1909,9.9
1910,19.9
1911,8.5
1912,11.2
1913,8.9
1914,3.6
1915,11.2
1916,15.1
1917,34.8
1918,9.2
1919,75.8
1920,0.0
1921,11.8
1922,13.9
1923,16.8
1924,34.0
1925,11.4
1926,12.7
1927,8.6
1928,0.0
1929,14.1
1930,6.9
1931,17.1
1932,12.3
1933,6.5
1934,74.6
1935,9.1
1936,8.8
1937,8.8
1938,15.1
1939,12.2
1940,7.9
1941,7.6
1942,31.5
1943,7.7
1944,12.7
1945,72.4
1946,8.1
1947,7.9
1948,8.4
1949,9.6
1950,16.4
1951,8.5
1952,4.6
1953,17.6
1954,12.3
1955,12.3
1956,32.8
1957,5.6
1958,13.5
1959,10.3
1960,7.8
1961,9.7
1962,41.0
1963,6.7
1964,8.5
1965,5.0
1966,3.1
1967,12.7
1968,2.1
1969,14.9
1970,11.5
1971,5.8
1972,37.8
1973,0.0
1974,21.5
1975,6.3
1976,12.2
1977,7.4
1978,15.4
1979,3.2
1980,7.0
1981,28.0
1982,9.7
1983,11.7
1984,13.6
1985,35.2
1986,0.0
1987,19.5
1988,2.8
1989,7.2
1990,11.8
1991,13.4
1992,7.6
1993,13.0
1994,19.3
1995,7.1
1996,27.0
1997,3.2
1998,11.3
1999,12.4
2000,8.5
2001,0.0
2002,7.3
2003,0.0
2004,14.6
2005,13.6
2006,9.7
2007,9.9
2008,10.9
2009,18.6
2010,8.7
2011,8.1
2012,9.8
2013,30.2
2014,9.1
2015,8.6
2016,7.9
2017,9.4
2018,11.6
2019,13.5
2020,15.2
2021,8.2
2022,10.1
2023,0.0
2024,8.1
2025,25.2
2026,9.1
2027,3.3
2028,6.3
2029,7.7
2030,10.5
2031,2.4
2032,10.1
2033,23.2
2034,8.1
2035,7.4
2036,16.4
2037,15.1
2038,10.5
2039,2.3
2040,11.6
2041,10.3
2042,6.5
2043,61.7
2044,21.7
2045,10.6
2046,9.6
2047,11.6
2048,14.0
2049,18.0
2050,13.9
2051,9.3
2052,14.1
2053,5.2
2054,23.4
2055,3.7
2056,5.2
2057,37.7
2058,21.1
2059,8.5
2060,11.3
2061,1.1
2062,24.2
2063,4.2
2064,20.9
2065,10.2
2066,68.2
2067,13.7
2068,20.1
2069,6.9
2070,4.6
2071,5.4
2072,9.5
2073,10.0
2074,6.35
2075,11.6
2076,14.2
2077,0.0
2078,7.6
2079,43.7
2080,14.2
2081,1.6
2082,4.5
2083,2.9
2084,34.5
2085,10.8
2086,12.1
2087,8.1
2088,0.0
2089,3.9
2090,5.5
2091,8.0
2092,9.3
2093,3.7
2094,3.2
2095,19.6
2096,13.9
2097,8.9
2098,6.5
2099,6.7
2100,0.0
2101,11.9
2102,19.8
2103,17.2
2104,13.8
2105,6.2
2106,5.7
2107,30.5
2108,9.2
2109,10.5
2110,9.9
2111,7.0
2112,9.4
2113,0.0
2114,26.9
2115,4.2
2116,10.0
2117,14.2
2118,3.8
2119,9.3
2120,7.9
2121,16.05
2122,9.5
2123,11.0
2124,17.3
2125,0.0
2126,24.0
2127,7.1
2128,9.6
2129,6.8
2130,7.2
2131,9.2
2132,19.7
2133,24.4
2134,9.4
2135,0.0
2136,10.9
2137,38.2
2138,6.6
2139,10.5
2140,21.0
2141,10.7
2142,49.8
2143,11.5
2144,12.5
2145,19.8
2146,9.6
2147,9.1
2148,11.0
2149,20.5
2150,13.2
2151,4.1
2152,4.0
2153,11.5
2154,9.9
2155,4.0
2156,51.8
2157,7.4
2158,9.3
2159,14.9
2160,7.0
2161,8.4
2162,23.1
2163,15.6
2164,8.0
2165,7.0
2166,5.8
2167,9.4
2168,5.4
2169,22.1
2170,9.5
2171,12.5
2172,24.7
2173,30.2
2174,12.3
2175,7.7
2176,6.9
2177,16.5
2178,10.2
2179,7.1
2180,9.2
2181,10.2
2182,2.9
2183,0.0
2184,0.0
2185,21.9
2186,37.7
2187,13.4
2188,0.0
2189,6.9
2190,7.2
2191,9.2
2192,11.9
2193,11.9
2194,11.7
2195,21.4
2196,0.0
2197,9.6
2198,11.4
2199,12.2
2200,11.9
2201,4.7
2202,15.2
2203,6.5
2204,9.2
2205,11.0
2206,21.9
2207,24.4
2208,4.8
2209,9.3
2210,7.7
2211,11.6
2212,43.5
2213,7.6
2214,14.5
2215,7.8
2216,6.8
2217,10.4
2218,11.8
2219,4.4
2220,17.4
2221,5.7
2222,6.2
2223,0.0
2224,13.3
2225,3.7
2226,11.7
2227,27.3
2228,7.0
2229,19.7
2230,72.2
2231,11.9
2232,44.8
2233,10.5
2234,9.6
2235,9.2
2236,12.4
2237,11.7
2238,14.9
2239,0.0
2240,5.4
2241,27.7
2242,9.0
2243,11.7
2244,11.1
2245,9.6
2246,10.3
2247,6.7
2248,6.9
2249,55.9
2250,0.0
2251,10.6
2252,11.9
2253,2.9
2254,11.2
2255,4.5
2256,11.3
2257,7.7
2258,4.2
2259,8.1
2260,7.2
2261,9.6
2262,15.5
2263,25.2
2264,34.2
2265,8.2
2266,7.4
2267,3.6
2268,7.3
2269,40.2
2270,4.8
2271,10.9
2272,10.9
2273,20.2
2274,10.9
2275,6.1
2276,0.0
2277,12.9
2278,8.5
2279,4.0
2280,7.3
2281,16.8
2282,16.7
2283,0.0
2284,11.5
2285,7.3
2286,11.0
2287,5.8
2288,4.6
2289,11.1
2290,8.1
2291,63.0
2292,11.2
2293,31.2
2294,10.8
2295,8.9
2296,9.7
2297,7.1
2298,10.2
2299,9.2
2300,7.1
2301,6.5
2302,8.7
2303,10.0
2304,4.1
2305,3.7
2306,14.4
2307,28.2
2308,6.9
2309,11.2
2310,19.6
2311,8.0
2312,9.8
2313,11.1
2314,11.6
2315,9.3
2316,10.0
2317,12.2
2318,2.9
2319,3.8
2320,0.0
2321,7.6
2322,18.7
2323,63.7
2324,10.0
2325,2.6
2326,9.8
2327,17.6
2328,13.0
2329,65.4
2330,18.9
2331,18.6
2332,15.3
2333,9.7
2334,10.4
2335,8.4
2336,6.6
2337,11.8
2338,2.3
2339,0.0
2340,11.4
2341,9.8
2342,11.4
2343,12.4
2344,4.8
2345,9.9
2346,6.5
2347,17.4
2348,27.5
2349,9.8
2350,11.9
2351,3.0
2352,7.9
2353,0.0
2354,10.7
2355,0.0
2356,25.2
2357,5.5
2358,11.3
2359,20.7
2360,6.3
2361,7.8
2362,7.0
2363,7.2
2364,5.9
2365,20.6
2366,4.5
2367,6.8
2368,11.9
2369,32.7
2370,13.4
2371,52.2
2372,11.3
2373,5.2
2374,11.0
2375,9.0
2376,17.1
2377,57.0
2378,9.2
2379,8.4
2380,8.1
2381,0.0
2382,11.8
2383,5.7
2384,49.6
2385,9.2
2386,9.5
2387,1.9
2388,8.4
2389,19.4
2390,9.5
2391,8.3
2392,8.9
2393,10.0
2394,0.0
2395,6.7
2396,13.3
2397,41.6
2398,9.5
2399,11.8
2400,17.6
2401,10.0
2402,12.3
2403,20.6
2404,10.0
2405,13.8
2406,10.2
2407,0.0
2408,9.0
2409,6.9
2410,6.6
2411,2.9
2412,4.4
2413,27.6
2414,14.0
2415,6.6
2416,21.6
2417,9.0
2418,10.3
2419,2.9
2420,14.1
2421,19.6
2422,3.7
2423,7.8
2424,8.3
2425,9.0
2426,21.4
2427,14.5
2428,15.3
2429,11.3
2430,2.3
2431,20.1
2432,10.2
2433,27.6
2434,8.1
2435,23.3
2436,2.7
2437,45.1
2438,13.6
2439,9.1
2440,6.8
2441,3.7
2442,12.9
2443,8.4
2444,10.6
2445,7.9
2446,15.4
2447,20.2
2448,70.7
2449,8.2
2450,24.6
2451,0.0
2452,15.5
2453,9.8
2454,29.4
2455,8.3
2456,3.6
2457,8.0
2458,12.4
2459,8.9
2460,13.5
2461,6.8
2462,10.0
2463,14.8
2464,0.0
2465,44.7
2466,8.5
2467,9.8
2468,10.2
2469,12.4
2470,8.5
2471,5.0
2472,19.0
2473,9.1
2474,10.7
2475,4.0
2476,11.7
2477,44.4
2478,10.4
2479,10.2
2480,21.2
2481,1.4
2482,9.0
2483,10.5
2484,0.0
2485,38.3
2486,4.1
2487,16.2
2488,2.8
2489,11.5
2490,9.3
2491,8.1
2492,7.6
2493,11.7
2494,6.7
2495,6.7
2496,5.2
2497,8.1
2498,3.9
2499,3.6
2500,50.0
2501,1.8
2502,12.5
2503,2.9
2504,8.8
2505,9.8
2506,9.6
2507,0.0
2508,9.7
2509,6.8
2510,45.7
2511,18.3
2512,2.5
2513,8.7
2514,11.6
2515,8.6
2516,11.4
2517,14.3
2518,12.6
2519,3.2
2520,41.3
2521,8.0
2522,12.4
2523,7.2
2524,3.0
2525,3.9
2526,9.9
2527,9.2
2528,17.1
2529,8.4
2530,41.4
2531,14.0
2532,10.8
2533,7.2
2534,5.7
2535,6.5
2536,7.7
2537,16.05
2538,0.0
2539,8.2
2540,13.9
2541,9.7
2542,45.4
2543,11.0
2544,11.2
2545,11.0
2546,9.4
2547,13.8
2548,9.1
2549,7.0
2550,6.9
2551,7.4
2552,11.9
2553,13.5
2554,18.7
2555,27.1
2556,20.8
2557,31.1
2558,3.9
2559,6.7
2560,12.6
2561,0.0
2562,6.3
2563,10.1
2564,10.2
2565,8.4
2566,6.8
2567,15.1
2568,10.8
2569,22.3
2570,9.5
2571,8.5
2572,6.4
2573,6.7
2574,8.0
2575,6.9
2576,0.0
2577,28.2
2578,10.4
2579,10.5
2580,11.8
2581,10.1
2582,7.3
2583,18.2
2584,22.7
2585,26.9
2586,8.9
2587,7.3
2588,10.0
2589,25.0
2590,8.0
2591,12.9
2592,8.7
2593,7.7
2594,8.7
2595,8.6
2596,6.5
2597,20.5
2598,0.0
2599,11.8
2600,11.3
2601,8.5
2602,9.9
2603,8.3
2604,10.5
2605,7.9
2606,17.1
2607,12.1
2608,9.4
2609,0.0
2610,16.6
2611,0.0
2612,4.8
2613,7.3
2614,3.7
2615,42.0
2616,65.5
2617,13.2
2618,10.9
2619,6.2
2620,0.0
2621,10.8
2622,17.3
2623,13.7
2624,5.2
2625,30.6
2626,13.3
2627,8.0
2628,13.3
2629,10.5
2630,54.5
2631,11.0
2632,15.5
2633,46.8
2634,12.6
2635,9.6
2636,4.0
2637,14.9
2638,4.8
2639,19.8
2640,6.6
2641,19.5
2642,11.1
2643,5.3
2644,2.4
2645,0.0
2646,3.9
2647,14.9
2648,15.0
2649,25.3
2650,8.3
2651,12.4
2652,20.0
2653,12.8
2654,24.8
2655,9.3
2656,7.7
2657,10.2
2658,13.8
2659,9.6
2660,7.3
2661,11.2
2662,10.6
2663,13.5
2664,0.0
2665,8.8
2666,9.3
2667,0.0
2668,9.0
2669,3.3
2670,9.5
2671,44.6
2672,0.0
2673,8.1
2674,12.8
2675,7.1
2676,9.5
2677,8.2
2678,8.1
2679,10.0
2680,6.9
2681,0.0
2682,10.3
2683,0.0
2684,21.0
2685,8.3
2686,27.1
2687,13.1
2688,9.1
2689,7.0
2690,9.8
2691,10.3
2692,5.8
2693,2.8
2694,10.2
2695,10.7
2696,4.8
2697,10.5
2698,3.9
2699,9.0
2700,10.6
2701,12.9
2702,9.7
2703,32.8
2704,16.4
2705,6.9
2706,9.7
2707,8.9
2708,39.2
2709,6.0
2710,9.4
2711,23.9
2712,8.9
2713,25.8
2714,11.8
2715,8.2
2716,7.4
2717,3.2
2718,6.4
2719,8.2
2720,7.8
2721,10.6
2722,9.2
2723,0.0
2724,13.1
2725,14.0
2726,16.6
2727,12.7
2728,25.6
2729,8.5
2730,29.8
2731,8.2
2732,14.0
2733,6.0
2734,6.7
2735,10.4
2736,8.6
2737,16.0
2738,0.0
2739,7.7
2740,12.7
2741,7.0
2742,0.0
2743,10.7
2744,10.3
2745,32.7
2746,6.0
2747,7.9
2748,8.9
2749,10.3
2750,10.9
2751,13.0
2752,13.0
2753,17.0
2754,10.6
2755,45.9
2756,4.3
2757,12.7
2758,6.3
2759,15.7
2760,26.4
2761,10.0
2762,9.6
2763,8.2
2764,13.6
2765,8.8
2766,10.3
2767,22.8
2768,5.5
2769,9.4
2770,30.8
2771,6.6
2772,12.1
2773,16.0
2774,22.7
2775,10.5
2776,14.9
2777,0.0
2778,0.0
2779,19.4
2780,9.6
2781,5.7
2782,12.0
2783,36.3
2784,6.9
2785,6.7
2786,7.2
2787,9.7
2788,9.2
2789,35.7
2790,5.8
2791,10.8
2792,6.4
2793,4.1
2794,0.0
2795,5.9
2796,22.2
2797,19.6
2798,0.0
2799,9.9
2800,7.6
2801,9.3
2802,14.1
2803,5.1
2804,7.1
2805,2.7
2806,9.5
2807,19.8
2808,7.5
2809,13.8
2810,10.1
2811,10.5
2812,15.9
2813,6.0
2814,8.0
2815,19.7
2816,4.1
2817,9.8
2818,15.1
2819,6.9
2820,9.0
2821,6.8
2822,12.2
2823,7.2
2824,7.5
2825,5.1
2826,13.7
2827,35.7
2828,10.1
2829,12.1
2830,9.1
2831,0.0
2832,11.7
2833,12.2
2834,11.7
2835,19.9
2836,19.4
2837,9.9
2838,11.8
2839,0.0
2840,40.4
2841,8.0
2842,4.3
2843,7.3
2844,9.0
2845,21.6
2846,11.0
2847,6.0
2848,6.1
2849,4.0
2850,6.4
2851,0.0
2852,4.2
2853,7.7
2854,8.8
2855,19.0
2856,5.7
2857,21.5
2858,9.5
2859,3.7
2860,0.0
2861,24.8
2862,18.3
2863,4.6
2864,18.6
2865,10.1
2866,8.4
2867,9.5
2868,11.4
2869,28.7
2870,10.3
2871,11.9
2872,4.7
2873,4.5
2874,26.6
2875,5.2
2876,5.9
2877,6.3
2878,18.5
2879,11.8
2880,8.6
2881,7.7
2882,7.0
2883,7.9
2884,10.8
2885,10.5
2886,5.4
2887,4.4
2888,0.0
2889,10.3
2890,9.9
2891,13.6
2892,12.7
2893,0.0
2894,10.7
2895,5.0
2896,5.5
2897,13.9
2898,0.0
2899,4.7
2900,6.3
2901,10.1
2902,62.0
2903,0.0
2904,44.8
2905,11.4
2906,12.7
2907,18.1
2908,1.1
2909,5.9
2910,4.2
2911,9.5
2912,18.6
2913,11.8
2914,2.9
2915,17.5
2916,54.3
2917,10.2
2918,12.7
2919,3.7
2920,21.4
2921,3.8
2922,10.8
2923,37.8
2924,12.2
2925,9.1
2926,15.3
2927,8.6
2928,10.4
2929,10.3
2930,10.8
2931,29.0
2932,65.7
2933,4.0
2934,5.2
2935,4.5
2936,4.3
2937,8.7
2938,22.7
2939,5.1
2940,5.9
2941,6.3
2942,20.2
2943,10.6
2944,3.0
2945,13.3
2946,26.0
2947,5.7
2948,8.6
2949,9.1
2950,11.0
2951,7.3
2952,10.4
2953,48.3
2954,4.6
2955,6.8
2956,12.8
2957,3.9
2958,12.2
2959,9.1
2960,6.85
2961,9.6
2962,30.2
2963,9.6
2964,0.0
2965,16.1
2966,0.0
2967,5.6
2968,0.0
2969,39.0
2970,0.0
2971,10.8
2972,10.4
2973,8.4
2974,6.4
2975,11.5
2976,0.0
2977,6.0
2978,29.4
2979,9.9
2980,11.4
2981,12.0
2982,10.1
2983,14.6
2984,8.2
2985,8.8
2986,21.9
2987,7.0
2988,8.0
2989,0.0
2990,11.6
2991,10.4
2992,9.3
2993,3.9
2994,16.2
2995,74.5
2996,10.7
2997,9.0
2998,4.15
2999,0.0
3000,13.0
3001,3.1
3002,17.0
3003,14.2
3004,10.3
3005,0.0
3006,9.7
3007,10.6
3008,12.7
3009,11.6
3010,66.4
3011,22.3
3012,26.5
3013,9.6
3014,0.0
3015,0.0
3016,13.6
3017,7.5
3018,12.9
3019,18.6
3020,15.6
3021,16.0
3022,9.6
3023,16.5
3024,20.7
3025,43.1
3026,10.6
3027,60.8
3028,29.6
3029,0.0
3030,6.4
3031,9.9
3032,9.4
3033,8.5
3034,10.3
3035,2.1
3036,23.0
3037,6.8
3038,5.0
3039,6.5
3040,9.4
3041,10.2
3042,0.0
3043,31.9
3044,3.9
3045,6.5
3046,13.7
3047,11.8
3048,23.6
3049,11.8
3050,7.8
3051,8.1
3052,13.3
3053,24.6
3054,4.3
3055,6.9
3056,5.7
3057,10.2
3058,22.6
3059,8.5
3060,12.0
3061,8.8
3062,8.2
3063,11.2
3064,21.8
3065,18.2
3066,12.5
3067,19.0
3068,10.4
3069,20.0
3070,14.9
3071,6.2
3072,21.8
3073,41.7
3074,7.6
3075,22.5
3076,11.8
3077,11.3
3078,12.2
3079,10.0
3080,16.8
3081,8.6
3082,10.3
3083,7.1
3084,11.1
3085,9.5
3086,23.0
3087,11.1
3088,2.7
3089,9.9
3090,6.9
3091,9.4
3092,4.8
3093,15.9
3094,6.3
3095,9.0
3096,0.0
3097,11.4
3098,7.3
3099,26.7
3100,3.9
3101,22.3
3102,13.3
3103,6.7
3104,9.6
3105,2.3
3106,8.9
3107,0.0
3108,26.2
3109,57.6
3110,8.9
3111,19.0
3112,5.4
3113,10.5
3114,11.9
3115,7.9
3116,53.5
3117,6.1
3118,24.5
3119,24.6
3120,14.5
3121,16.8
3122,0.0
3123,18.4
3124,8.1
3125,8.3
3126,12.9
3127,10.1
3128,6.9
3129,8.8
3130,2.4
3131,6.1
3132,27.0
3133,9.0
3134,10.5
3135,11.9
3136,6.1
3137,7.0
3138,18.5
3139,6.5
3140,9.8
3141,8.1
3142,12.9
3143,18.0
3144,0.0
3145,7.1
3146,7.4
3147,16.6
3148,14.9
3149,9.4
3150,12.3
3151,10.1
3152,20.5
3153,10.6
3154,12.2
3155,48.8
3156,13.1
3157,8.4
3158,0.0
3159,8.9
3160,12.1
3161,7.3
3162,12.1
3163,13.4
3164,6.2
3165,14.1
3166,7.7
3167,7.6
3168,8.3
3169,0.0
3170,7.6
3171,8.4
3172,0.0
3173,2.4
3174,9.2
3175,15.4
3176,7.0
3177,10.6
3178,10.8
3179,7.1
3180,9.0
3181,9.1
3182,10.6
3183,18.4
3184,5.6
3185,19.9
3186,23.1
3187,9.4
3188,19.5
3189,1.4
3190,7.6
3191,2.5
3192,9.9
3193,9.6
3194,8.8
3195,7.7
3196,12.9
3197,11.3
3198,9.3
3199,8.0
3200,0.0
3201,8.5
3202,3.6
3203,7.1
3204,11.9
3205,12.0
3206,3.3
3207,19.8
3208,0.0
3209,4.2
3210,4.7
3211,22.6
3212,6.9
3213,26.0
3214,9.2
3215,19.6
3216,15.0
3217,10.3
3218,5.6
3219,14.5
3220,10.0
3221,7.0
3222,10.6
3223,5.5
3224,21.3
3225,20.9
3226,13.2
3227,10.3
3228,9.7
3229,7.1
3230,9.2
3231,8.1
3232,23.3
3233,47.9
3234,45.0
3235,0.0
3236,14.6
3237,11.7
3238,8.2
3239,1.1
3240,0.0
3241,8.6
3242,11.2
3243,0.0
3244,20.7
3245,13.3
3246,2.9
3247,9.7
3248,8.0
3249,4.2
3250,11.8
3251,11.7
3252,11.6
3253,6.1
3254,8.2
3255,10.0
3256,8.3
3257,17.8
3258,8.6
3259,4.0
3260,21.0
3261,12.1
3262,10.9
3263,26.9
3264,9.1
3265,6.2
3266,2.9
3267,13.1
3268,5.4
3269,0.0
3270,5.6
3271,10.8
3272,0.0
3273,14.0
3274,0.0
3275,10.9
3276,9.8
3277,9.9
3278,7.8
3279,9.2
3280,9.8
3281,14.4
3282,0.0
3283,9.9
3284,19.2
3285,6.7
3286,54.8
3287,16.0
3288,26.4
3289,75.9
3290,10.6
3291,0.0
3292,10.0
3293,7.0
3294,8.4
3295,8.4
3296,5.4
3297,12.6
3298,12.1
3299,18.7
3300,11.4
3301,4.8
3302,7.3
3303,45.9
3304,3.5
3305,19.9
3306,12.5
3307,9.9
3308,18.8
3309,10.3
3310,0.0
3311,9.0
3312,7.3
3313,4.7
3314,4.3
3315,8.5
3316,4.6
3317,2.7
3318,7.7
3319,8.3
3320,11.8
3321,0.0
3322,23.3
3323,6.8
3324,7.3
3325,6.1
3326,22.9
3327,8.2
3328,20.3
3329,9.4
3330,12.0
3331,0.0
3332,2.2
3333,6.9
3334,9.5
3335,16.9
3336,15.2
3337,5.3
3338,31.3
3339,5.8
3340,9.0
3341,0.0
3342,13.8
3343,4.4
3344,0.0
3345,11.5
3346,0.0
3347,12.6
3348,10.3
3349,10.1
3350,15.5
3351,6.6
3352,0.0
3353,5.2
3354,0.0
3355,20.9
3356,19.9
3357,5.9
3358,7.1
3359,14.7
3360,4.0
3361,15.6
3362,7.5
3363,33.1
3364,10.1
3365,13.7
3366,0.0
3367,10.8
3368,15.0
3369,11.3
3370,23.4
3371,14.0
3372,0.0
3373,12.4
3374,6.2
3375,0.0
3376,10.0
3377,39.7
3378,11.3
3379,12.4
3380,17.3
3381,10.1
3382,5.5
3383,23.7
3384,10.6
3385,8.0
3386,0.0
3387,9.5
3388,11.4
3389,28.0
3390,5.6
3391,9.0
3392,9.8
3393,19.9
3394,20.0
3395,10.6
3396,7.7
3397,6.4
3398,10.9
3399,10.8
3400,7.0
3401,8.8
3402,6.5
3403,8.3
3404,9.0
3405,21.9
3406,2.5
3407,5.0
3408,9.2
3409,20.6
3410,13.7
3411,66.2
3412,4.2
3413,2.7
3414,0.0
3415,6.2
3416,18.6
3417,16.7
3418,0.0
3419,10.9
3420,14.4
3421,5.5
3422,4.9
3423,13.8
3424,10.0
3425,2.9
3426,9.0
3427,16.8
3428,17.3
3429,9.5
3430,7.3
3431,24.1
3432,51.1
3433,3.4
3434,7.1
3435,8.6
3436,18.4
3437,12.9
3438,41.9
3439,12.8
3440,11.6
3441,8.7
3442,10.3
3443,4.5
3444,5.1
3445,5.2
3446,20.7
3447,21.0
3448,16.4
3449,10.4
3450,15.9
3451,8.9
3452,10.0
3453,10.2
3454,0.0
3455,9.8
3456,13.7
3457,10.3
3458,2.4
3459,14.2
3460,24.9
3461,5.5
3462,23.9
3463,14.0
3464,36.2
3465,8.0
3466,20.4
3467,25.6
3468,13.2
3469,9.3
3470,13.3
3471,7.4
3472,10.9
3473,2.9
3474,8.9
3475,9.6
3476,10.3
3477,14.4
3478,10.8
3479,2.5
3480,0.0
3481,7.6
3482,9.6
3483,12.0
3484,12.1
3485,9.4
3486,6.5
3487,12.0
3488,0.0
3489,10.9
3490,10.9
3491,15.1
3492,22.7
3493,9.6
3494,25.2
3495,12.6
3496,9.8
3497,2.1
3498,12.9
3499,10.5
3500,10.1
3501,15.0
3502,8.9
3503,29.6
3504,21.8
3505,0.0
3506,9.9
3507,6.7
3508,7.5
3509,15.1
3510,29.6
3511,10.1
3512,0.0
3513,14.2
3514,5.4
3515,6.8
3516,4.2
3517,9.2
3518,20.7
3519,8.7
3520,1.9
3521,12.6
3522,14.5
3523,7.8
3524,14.2
3525,10.6
3526,5.6
3527,8.2
3528,20.1
3529,10.2
3530,10.3
3531,8.9
3532,9.8
3533,7.2
3534,13.2
3535,7.4
3536,8.1
3537,15.6
3538,7.2
3539,6.9
3540,10.3
3541,12.4
3542,9.1
3543,10.0
3544,62.6
3545,11.5
3546,10.6
3547,11.7
3548,8.5
3549,9.7
3550,6.9
3551,14.5
3552,4.1
3553,9.4
3554,12.0
3555,15.2
3556,38.0
3557,16.1
3558,13.3
3559,0.0
3560,14.2
3561,48.0
3562,16.6
3563,13.4
3564,7.4
3565,8.8
3566,0.0
3567,8.2
3568,9.1
3569,8.3
3570,10.5
3571,14.3
3572,24.6
3573,9.6
3574,7.8
3575,23.7
3576,12.5
3577,7.9
3578,10.4
3579,11.2
3580,10.9
3581,16.4
3582,6.3
3583,0.0
3584,4.1
3585,64.0
3586,10.2
3587,0.0
3588,42.2
3589,16.2
3590,0.0
3591,13.4
3592,14.1
3593,49.6
3594,11.1
3595,8.4
3596,26.4
3597,9.8
3598,4.2
3599,9.5
3600,15.7
3601,3.6
3602,10.6
3603,8.5
3604,0.0
3605,10.9
3606,12.2
3607,39.4
3608,27.4
3609,12.9
3610,7.45
3611,3.5
3612,10.2
3613,2.9
3614,6.9
3615,15.3
3616,5.3
3617,10.6
3618,7.1
3619,7.8
3620,7.5
3621,8.0
3622,8.0
3623,18.6
3624,4.3
3625,5.7
3626,35.9
3627,6.7
3628,24.5
3629,10.6
3630,11.1
3631,0.0
3632,76.9
3633,8.1
3634,9.2
3635,3.5
3636,13.0
3637,12.3
3638,14.2
3639,9.7
3640,12.2
3641,4.4
3642,9.5
3643,31.2
3644,7.0
3645,2.5
3646,12.1
3647,11.3
3648,8.3
3649,5.4
3650,5.6
3651,0.0
3652,6.8
3653,23.8
3654,6.6
3655,5.7
3656,13.4
3657,0.0
3658,13.3
3659,18.6
3660,8.5
3661,16.1
3662,7.9
3663,11.5
3664,2.8
3665,10.4
3666,10.8
3667,11.6
3668,13.8
3669,1.7
3670,0.0
3671,0.0
3672,4.9
3673,3.8
3674,8.5
3675,38.3
3676,14.4
3677,1.8
3678,6.5
3679,8.5
3680,6.6
3681,14.2
3682,9.1
3683,8.7
3684,10.3
3685,11.9
3686,13.7
3687,6.8
3688,10.5
3689,4.2
3690,7.7
3691,33.3
3692,0.0
3693,30.3
3694,7.4
3695,0.0
3696,20.0
3697,9.3
3698,0.0
3699,9.6
3700,11.0
3701,9.8
3702,14.5
3703,11.6
3704,9.1
3705,10.5
3706,15.2
3707,16.8
3708,28.8
3709,3.1
3710,24.0
3711,10.0
3712,5.8
3713,11.5
3714,10.9
3715,9.5
3716,0.0
3717,10.6
3718,11.8
3719,21.7
3720,11.5
3721,37.2
3722,5.8
3723,7.4
3724,24.3
3725,26.7
3726,0.0
3727,0.0
3728,9.9
3729,9.5
3730,12.6
3731,8.0
3732,11.3
3733,20.6
3734,10.1
3735,8.5
3736,11.3
3737,19.8
3738,10.0
3739,2.4
3740,8.1
3741,11.1
3742,8.7
3743,10.1
3744,6.9
3745,10.1
3746,14.4
3747,56.0
3748,9.8
3749,11.7
3750,16.2
3751,23.1
3752,13.3
3753,9.9
3754,5.6
3755,7.6
3756,16.9
3757,14.0
3758,7.7
3759,36.1
3760,9.2
3761,13.3
3762,8.2
3763,10.6
3764,24.1
3765,10.2
3766,11.0
3767,6.7
3768,0.0
3769,43.1
3770,25.8
3771,22.9
3772,9.3
3773,12.2
3774,2.8
3775,10.7
3776,7.6
3777,5.7
3778,7.4
3779,13.9
3780,4.0
3781,7.3
3782,27.7
3783,37.1
3784,10.0
3785,8.2
3786,0.0
3787,0.0
3788,0.0
3789,19.6
3790,0.0
3791,7.9
3792,0.0
3793,8.7
3794,10.2
3795,11.0
3796,0.0
3797,7.4
3798,10.9
3799,50.2
3800,6.3
3801,2.2
3802,10.0
3803,13.5
3804,7.3
3805,0.0
3806,16.2
3807,9.4
3808,11.9
3809,10.0
3810,39.3
3811,12.1
3812,4.3
3813,9.5
3814,6.0
3815,14.1
3816,18.1
3817,21.6
3818,12.7
3819,0.0
3820,10.1
3821,11.4
3822,22.8
3823,10.4
3824,10.6
3825,13.0
3826,12.8
3827,0.0
3828,4.4
3829,10.3
3830,25.5
3831,24.2
3832,11.5
3833,5.7
3834,3.5
3835,6.7
3836,0.0
3837,9.6
3838,12.1
3839,11.2
3840,16.1
3841,8.0
3842,21.7
3843,0.0
3844,5.1
3845,10.9
3846,13.0
3847,3.6
3848,12.0
3849,14.6
3850,3.3
3851,25.1
3852,10.4
3853,14.0
3854,9.4
3855,17.9
3856,7.5
3857,3.1
3858,0.0
3859,14.2
3860,9.4
3861,8.6
3862,6.8
3863,11.3
3864,3.2
3865,13.5
3866,13.2
3867,11.6
3868,15.1
3869,49.7
3870,11.1
3871,15.9
3872,12.4
3873,9.5
3874,8.8
3875,8.3
3876,10.1
3877,54.0
3878,13.2
3879,13.4
3880,5.2
3881,6.2
3882,13.1
3883,3.7
3884,12.2
3885,7.5
3886,12.3
3887,13.3
3888,4.2
3889,17.2
3890,10.9
3891,6.9
3892,6.8
3893,8.9
3894,10.0
3895,0.0
3896,12.0
3897,8.3
3898,21.7
3899,9.5
3900,22.1
3901,10.7
3902,7.9
3903,9.9
3904,7.9
3905,5.5
3906,10.9
3907,1.3
3908,4.6
3909,1.5
3910,0.0
3911,30.9
3912,7.3
3913,11.1
3914,33.0
3915,73.2
3916,0.0
3917,6.6
3918,4.3
3919,4.0
3920,0.0
3921,8.8
3922,6.3
3923,17.5
3924,5.3
3925,24.0
3926,0.0
3927,9.8
3928,21.0
3929,17.5
3930,13.5
3931,14.4
3932,12.0
3933,0.0
3934,23.1
3935,9.6
3936,11.7
3937,5.2
3938,19.5
3939,10.8
3940,12.5
3941,12.3
3942,21.2
3943,7.0
3944,10.3
3945,4.0
3946,10.7
3947,47.5
3948,2.5
3949,9.4
3950,10.3
3951,0.0
3952,12.4
3953,18.7
3954,9.9
3955,9.2
3956,9.7
3957,8.6
3958,4.2
3959,0.0
3960,8.0
3961,21.0
3962,10.1
3963,21.4
3964,2.3
3965,7.7
3966,15.7
3967,10.8
3968,5.3
3969,9.5
3970,11.9
3971,18.0
3972,0.0
3973,8.0
3974,17.5
3975,6.0
3976,4.2
3977,19.0
3978,3.5
3979,11.3
3980,6.3
3981,8.7
3982,10.6
3983,11.3
3984,12.1
3985,22.8
3986,21.8
3987,8.1
3988,11.7
3989,11.2
3990,9.7
3991,22.3
3992,3.7
3993,10.1
3994,0.0
3995,20.0
3996,9.5
3997,10.9
3998,13.5
3999,25.6
4000,36.5
4001,12.1
4002,9.4
4003,16.6
4004,9.4
4005,19.0
4006,10.8
4007,11.1
4008,20.0
4009,7.0
4010,10.3
4011,8.7
4012,8.7
4013,48.0
4014,10.5
4015,50.0
4016,8.3
4017,4.3
4018,49.9
4019,8.0
4020,23.9
4021,9.5
4022,2.5
4023,9.6
4024,15.6
4025,13.5
4026,5.2
4027,0.0
4028,21.2
4029,4.3
4030,18.0
4031,10.1
4032,9.1
4033,18.3
4034,11.3
4035,12.1
4036,0.0
4037,18.9
4038,0.0
4039,9.7
4040,13.9
4041,12.6
4042,21.0
4043,8.5
4044,14.1
4045,10.8
4046,9.5
4047,10.3
4048,8.0
4049,6.5
4050,8.5
4051,12.1
4052,9.2
4053,31.0
4054,9.1
4055,20.6
4056,11.7
4057,22.3
4058,0.0
4059,26.7
4060,29.2
4061,10.3
4062,0.0
4063,16.9
4064,6.6
4065,9.0
4066,3.5
4067,6.6
4068,7.3
4069,19.7
4070,8.7
4071,22.3
4072,10.1
4073,2.9
4074,9.0
4075,14.7
4076,46.8
4077,6.7
4078,41.7
4079,12.2
4080,10.4
4081,20.9
4082,16.7
4083,10.4
4084,14.9
4085,24.4
4086,5.4
4087,44.6
4088,26.0
4089,8.9
4090,6.8
4091,4.8
4092,5.0
4093,35.5
4094,9.4
4095,0.0
4096,10.0
4097,0.0
4098,7.1
4099,21.3
4100,5.2
4101,15.0
4102,3.1
4103,9.7
4104,9.3
4105,63.8
4106,0.0
4107,18.1
4108,6.6
4109,13.2
4110,23.2
4111,12.6
4112,4.3
4113,4.4
4114,19.7
4115,5.3
4116,10.1
4117,19.9
4118,21.1
4119,25.0
4120,31.6
4121,30.3
4122,8.7
4123,24.0
4124,7.5
4125,14.4
4126,2.7
4127,7.6
4128,11.2
4129,7.4
4130,3.1
4131,24.0
4132,8.7
4133,12.25
4134,11.0
4135,6.8
4136,16.1
4137,2.0
4138,10.7
4139,6.1
4140,7.7
4141,18.1
4142,18.9
4143,19.6
4144,7.9
4145,0.0
4146,9.2
4147,6.8
4148,7.1
4149,23.5
4150,3.7
4151,15.7
4152,9.3
4153,21.0
4154,28.7
4155,9.7
4156,6.8
4157,2.7
4158,23.6
4159,4.2
4160,20.0
4161,8.1
4162,0.0
4163,2.9
4164,1.2
4165,10.8
4166,7.6
4167,11.0
4168,3.3
4169,4.0
4170,20.5
4171,17.0
4172,69.0
4173,8.6
4174,23.5
4175,6.5
4176,9.9
4177,40.7
4178,7.1
4179,15.3
4180,12.6
4181,8.5
4182,16.9
4183,9.7
4184,18.6
4185,12.3
4186,20.8
4187,3.6
4188,5.6
4189,7.5
4190,10.2
4191,3.2
4192,12.5
4193,7.8
4194,10.4
4195,15.8
4196,11.6
4197,9.6
4198,8.7
4199,12.0
4200,34.0
4201,12.5
4202,4.9
4203,9.3
4204,10.8
4205,30.6
4206,6.4
4207,5.1
4208,9.4
4209,9.7
4210,25.6
4211,0.0
4212,2.6
4213,0.0
4214,9.2
4215,5.2
4216,9.1
4217,33.2
4218,13.5
4219,14.4
4220,9.3
4221,4.9
4222,3.7
4223,10.9
4224,10.5
4225,3.7
4226,33.0
4227,16.5
4228,9.6
4229,0.0
4230,12.8
4231,2.8
4232,10.2
4233,21.5
4234,47.9
4235,12.9
4236,2.1
4237,56.0
4238,0.0
4239,0.0
4240,43.5
4241,0.0
4242,6.9
4243,6.7
4244,20.3
4245,11.1
4246,13.1
4247,4.8
4248,13.3
4249,19.5
4250,10.3
4251,8.5
4252,6.6
4253,9.5
4254,15.2
4255,6.7
4256,10.3
4257,10.4
4258,7.1
4259,12.5
4260,25.6
4261,13.2
4262,3.8
4263,2.5
4264,7.9
4265,27.2
4266,11.1
4267,13.9
4268,0.0
4269,2.9
4270,9.6
4271,12.2
4272,9.8
4273,12.3
4274,17.8
4275,14.5
4276,8.3
4277,48.5
4278,16.6
4279,7.2
4280,10.2
4281,21.1
4282,15.2
4283,6.8
4284,10.9
4285,43.2
4286,7.4
4287,16.1
4288,1.6
4289,12.2
4290,10.0
4291,14.2
4292,8.1
4293,14.6
4294,3.7
4295,7.3
4296,3.8
4297,17.1
4298,7.5
4299,14.2
4300,12.3
4301,14.4
4302,68.8
4303,5.2
4304,9.8
4305,7.6
4306,6.0
4307,5.4
4308,3.5
4309,31.8
4310,0.0
4311,10.4
4312,10.3
4313,15.7
4314,23.1
4315,4.9
4316,3.6
4317,9.3
4318,5.9
4319,8.4
4320,7.4
4321,8.7
4322,8.1
4323,5.2
4324,6.8
4325,10.6
4326,8.4
4327,25.2
4328,8.8
4329,61.6
4330,9.4
4331,6.0
4332,10.0
4333,5.8
4334,4.5
4335,11.6
4336,11.0
4337,10.4
4338,11.3
4339,0.0
4340,21.4
4341,8.8
4342,10.7
4343,8.1
4344,11.4
4345,9.7
4346,10.1
4347,8.6
4348,9.1
4349,52.2
4350,13.8
4351,8.0
4352,13.8
4353,10.8
4354,12.6
4355,25.3
4356,5.4
4357,21.3
4358,16.1
4359,17.2
4360,18.1
4361,10.9
4362,15.1
4363,7.3
4364,8.4
4365,4.8
4366,25.6
4367,13.5
4368,6.9
4369,0.0
4370,10.2
4371,9.5
4372,0.0
4373,10.0
4374,11.2
4375,7.7
4376,3.3
4377,9.7
4378,18.3
4379,8.8
4380,14.4
4381,13.3
4382,7.2
4383,6.2
4384,11.6
4385,64.8
4386,69.0
4387,13.4
4388,9.6
4389,5.0
4390,8.9
4391,5.7
4392,11.5
4393,8.2
4394,4.8
4395,9.8
4396,26.4
4397,0.0
4398,8.7
4399,8.6
4400,36.2
4401,9.4
4402,5.3
4403,24.4
4404,15.0
4405,9.9
4406,7.0
4407,5.5
4408,10.2
4409,21.9
4410,33.6
4411,0.0
4412,48.1
4413,8.4
4414,10.2
4415,11.6
4416,19.8
4417,5.0
4418,39.0
4419,6.2
4420,6.7
4421,0.0
4422,9.9
4423,12.5
4424,0.0
4425,6.1
4426,10.4
4427,9.4
4428,6.4
4429,15.3
4430,4.2
4431,10.1
4432,11.4
4433,8.6
4434,26.9
4435,15.8
4436,0.0
4437,0.0
4438,49.3
4439,20.7
4440,3.2
4441,23.2
4442,25.5
4443,5.5
4444,5.3
4445,9.4
4446,19.3
4447,9.7
4448,10.6
4449,2.6
4450,0.0
4451,9.8
4452,9.0
4453,18.5
4454,9.7
4455,7.8
4456,7.7
4457,10.6
4458,5.5
4459,19.4
4460,16.7
4461,13.6
4462,6.8
4463,41.0
4464,0.0
4465,10.5
4466,53.0
4467,20.5
4468,3.2
4469,10.9
4470,5.3
4471,0.0
4472,15.7
4473,7.9
4474,10.2
4475,9.6
4476,10.6
4477,12.3
4478,13.6
4479,17.2
4480,9.9
4481,12.1
4482,9.4
4483,2.6
4484,53.8
4485,4.4
4486,45.3
4487,7.4
4488,6.6
4489,11.3
4490,7.7
4491,8.1
4492,21.6
4493,9.0
4494,12.4
4495,3.4
4496,7.0
4497,10.5
4498,10.4
4499,9.5
4500,3.0
4501,5.9
4502,13.4
4503,8.1
4504,6.2
4505,3.2
4506,22.2
4507,23.4
4508,3.1
4509,8.2
4510,8.2
4511,9.9
4512,11.2
4513,13.1
4514,9.4
4515,8.0
4516,55.3
4517,34.6
4518,8.1
4519,12.2
4520,18.2
4521,16.7
4522,14.9
4523,0.0
4524,20.0
4525,49.3
4526,10.4
4527,22.3
4528,12.3
4529,11.6
4530,35.6
4531,10.3
4532,6.3
4533,8.2
4534,11.1
4535,9.3
4536,11.3
4537,10.5
4538,5.3
4539,11.0
4540,8.9
4541,11.7
4542,20.6
4543,21.4
4544,15.6
4545,24.6
4546,10.2
4547,19.9
4548,18.5
4549,17.45
4550,19.3
4551,14.3
4552,3.9
4553,4.4
4554,10.4
4555,9.9
4556,14.4
4557,10.1
4558,5.9
4559,11.8
4560,10.5
4561,11.1
4562,2.8
4563,28.1
4564,9.9
4565,13.8
4566,8.5
4567,12.1
4568,22.5
4569,10.7
4570,0.0
4571,23.2
4572,9.4
4573,11.6
4574,7.0
4575,8.0
4576,9.5
4577,8.6
4578,12.3
4579,10.6
4580,12.8
4581,9.5
4582,14.1
4583,5.1
4584,10.4
4585,8.7
4586,21.9
4587,6.4
4588,27.8
4589,9.1
4590,0.0
4591,9.8
4592,7.3
4593,11.9
4594,21.8
4595,9.1
4596,18.9
4597,9.0
4598,9.1
4599,9.7
4600,12.1
4601,4.6
4602,10.7
4603,16.9
4604,3.45
4605,6.9
4606,8.6
4607,8.0
4608,10.6
4609,0.0
4610,10.7
4611,11.4
4612,6.2
4613,3.2
4614,10.5
4615,32.8
4616,1.4
4617,23.9
4618,7.1
4619,12.1
4620,8.0
4621,7.7
4622,6.6
4623,12.4
4624,0.0
4625,26.3
4626,13.7
4627,9.5
4628,3.1
4629,9.0
4630,7.4
4631,10.7
4632,32.2
4633,10.0
4634,9.9
4635,21.5
4636,14.8
4637,9.0
4638,9.4
4639,7.6
4640,7.1
4641,7.5
4642,9.9
4643,13.9
4644,0.0
4645,7.8
4646,11.2
4647,18.3
4648,0.9
4649,12.4
4650,9.5
4651,10.5
4652,71.0
4653,7.1
4654,8.7
4655,35.3
4656,10.9
4657,8.2
4658,11.2
4659,5.9
4660,14.3
4661,9.1
4662,21.8
4663,33.6
4664,16.5
4665,0.0
4666,76.8
4667,6.8
4668,7.4
4669,29.6
4670,3.1
4671,21.2
4672,7.0
4673,6.7
4674,9.6
4675,8.9
4676,9.4
4677,0.0
4678,4.2
4679,12.9
4680,9.7
4681,20.2
4682,4.5
4683,18.8
4684,50.1
4685,12.7
4686,7.1
4687,5.3
4688,10.3
4689,10.4
4690,12.4
4691,9.6
4692,10.7
4693,9.5
4694,3.1
4695,12.1
4696,13.0
4697,21.9
4698,0.0
4699,8.9
4700,16.0
4701,14.9
4702,3.4
4703,9.5
4704,14.1
4705,10.3
4706,10.8
4707,16.4
4708,10.9
4709,10.1
4710,10.8
4711,8.1
4712,4.0
4713,7.3
4714,5.3
4715,6.3
4716,7.9
4717,29.8
4718,8.3
4719,14.2
4720,9.7
4721,11.5
4722,20.4
4723,8.5
4724,9.4
4725,13.3
4726,10.2
4727,12.2
4728,4.7
4729,22.6
4730,16.4
4731,12.3
4732,5.6
4733,9.0
4734,6.3
4735,4.5
4736,7.2
4737,7.5
4738,3.8
4739,11.0
4740,10.3
4741,8.6
4742,8.1
4743,13.0
4744,8.5
4745,14.6
4746,2.2
4747,10.9
4748,13.7
4749,8.2
4750,18.3
4751,8.7
4752,0.0
4753,9.6
4754,4.4
4755,9.4
4756,4.5
4757,5.5
4758,6.9
4759,9.3
4760,5.5
4761,7.8
4762,6.2
4763,9.5
4764,4.6
4765,3.9
4766,10.4
4767,10.6
4768,0.0
4769,10.0
4770,8.4
4771,18.3
4772,10.0
4773,8.0
4774,17.8
4775,18.6
4776,9.9
4777,20.3
4778,10.3
4779,5.0
4780,10.7
4781,11.2
4782,8.9
4783,13.1
4784,11.8
4785,9.9
4786,9.4
4787,3.8
4788,0.0
4789,11.6
4790,25.3
4791,15.8
4792,9.7
4793,8.9
4794,5.9
4795,8.5
4796,9.7
4797,11.9
4798,37.9
4799,9.9
4800,22.5
4801,18.5
4802,5.1
4803,26.9
4804,7.7
4805,40.9
4806,5.0
4807,5.2
4808,0.0
4809,8.4
4810,17.5
4811,6.0
4812,10.9
4813,7.5
4814,9.9
4815,6.5
4816,16.7
4817,7.8
4818,12.2
4819,12.1
4820,7.2
4821,31.7
4822,9.3
4823,12.4
4824,13.4
4825,9.0
4826,9.6
4827,11.6
4828,7.8
4829,10.1
4830,3.9
4831,9.1
4832,8.0
4833,8.8
4834,0.0
4835,9.8
4836,8.2
4837,5.6
4838,46.4
4839,39.0
4840,5.3
4841,0.0
4842,14.3
4843,25.4
4844,7.2
4845,45.8
4846,1.2
4847,0.0
4848,9.4
4849,3.9
4850,10.8
4851,8.6
4852,8.3
4853,10.1
4854,5.6
4855,6.7
4856,13.7
4857,6.1
4858,0.0
4859,13.7
4860,8.3
4861,10.0
4862,40.3
4863,9.1
4864,1.2
4865,18.1
4866,2.6
4867,35.8
4868,12.9
4869,17.3
4870,13.5
4871,52.5
4872,5.7
4873,7.5
4874,9.2
4875,3.3
4876,10.2
4877,5.6
4878,9.3
4879,0.0
4880,9.6
4881,27.4
4882,39.7
4883,9.9
4884,3.2
4885,12.6
4886,10.5
4887,6.8
4888,8.2
4889,3.6
4890,10.7
4891,46.9
4892,8.1
4893,9.0
4894,4.8
4895,2.8
4896,2.6
4897,27.9
4898,9.9
4899,9.0
4900,6.1
4901,7.3
4902,11.9
4903,9.0
4904,19.2
4905,0.0
4906,6.6
4907,7.2
4908,8.6
4909,10.1
4910,3.7
4911,9.5
4912,12.1
4913,15.0
4914,17.3
4915,10.0
4916,23.7
4917,12.6
4918,12.2
4919,4.1
4920,6.9
4921,0.0
4922,8.8
4923,7.8
4924,7.0
4925,18.7
4926,5.4
4927,16.6
4928,8.3
4929,22.8
4930,5.7
4931,7.1
4932,14.3
4933,5.5
4934,16.7
4935,3.5
4936,8.5
4937,9.8
4938,9.8
4939,0.0
4940,11.1
4941,17.6
4942,9.1
4943,9.7
4944,5.5
4945,4.4
4946,7.8
4947,20.4
4948,3.6
4949,6.4
4950,17.3
4951,10.7
4952,6.7
4953,18.3
4954,5.7
4955,12.1
4956,5.8
4957,22.8
4958,42.0
4959,10.7
4960,4.6
4961,0.0
4962,53.5
4963,37.2
4964,2.3
4965,19.6
4966,22.4
4967,8.8
4968,11.5
4969,22.0
4970,7.2
4971,10.3
4972,7.9
4973,15.6
4974,13.9
4975,10.3
4976,10.2
4977,4.8
4978,0.0
4979,3.2
4980,12.6
4981,11.9
4982,11.6
4983,19.2
4984,6.5
4985,5.3
4986,41.5
4987,19.3
4988,9.4
4989,13.9
4990,9.7
4991,10.9
4992,5.5
4993,9.8
4994,9.5
4995,8.6
4996,10.9
4997,35.7
4998,17.7
4999,5.6
5000,0.0
5001,21.7
5002,9.1
5003,36.5
5004,8.7
5005,15.5
5006,0.0
5007,8.9
5008,0.0
5009,12.5
5010,31.3
5011,2.5
5012,0.0
5013,42.8
5014,13.8
5015,2.1
5016,3.7
5017,5.9
5018,11.1
5019,7.3
5020,11.0
5021,8.7
5022,31.4
5023,19.9
5024,6.5
5025,0.0
5026,10.3
5027,10.5
5028,10.2
5029,21.9
5030,0.0
5031,3.4
5032,3.3
5033,13.8
5034,6.7
5035,7.6
5036,10.5
5037,7.6
5038,11.1
5039,9.7
5040,9.6
5041,12.7
5042,7.5
5043,4.7
5044,8.0
5045,6.8
5046,9.3
5047,0.0
5048,9.0
5049,10.0
5050,10.0
5051,9.25
5052,11.4
5053,9.7
5054,0.0
5055,9.7
5056,10.6
5057,12.6
5058,16.7
5059,6.5
5060,8.7
5061,7.6
5062,13.7
5063,9.7
5064,17.8
5065,10.5
5066,5.4
5067,6.7
5068,9.7
5069,7.4
5070,12.4
5071,18.2
5072,9.0
5073,10.0
5074,6.4
5075,12.5
5076,14.4
5077,18.0
5078,9.3
5079,12.9
5080,22.2
5081,4.9
5082,8.6
5083,21.5
5084,3.6
5085,10.8
5086,11.2
5087,2.3
5088,6.6
5089,57.5
5090,6.6
5091,14.5
5092,10.2
5093,10.2
5094,5.0
5095,24.9
5096,29.9
5097,17.9
5098,14.5
5099,29.0
5100,9.1
5101,15.1
5102,10.3
5103,30.6
5104,4.4
5105,11.6
5106,4.9
5107,8.1
5108,9.9
5109,6.9
5110,8.2
5111,10.0
5112,28.6
5113,32.2
5114,11.4
5115,9.9
5116,0.0
5117,10.7
5118,10.7
5119,1.6
5120,8.7
5121,10.9
5122,7.3
5123,22.5
5124,48.7
5125,10.4
5126,6.0
5127,30.3
5128,10.4
5129,10.6
5130,10.9
5131,10.0
5132,5.8
5133,14.7
5134,6.4
5135,9.4
5136,14.1
5137,6.3
5138,15.4
5139,10.0
5140,17.1
5141,12.6
5142,10.9
5143,12.3
5144,6.6
5145,8.8
5146,2.9
5147,15.0
5148,41.4
5149,14.5
5150,13.4
5151,16.2
5152,14.9
5153,11.3
5154,0.0
5155,10.1
5156,35.3
5157,5.2
5158,8.4
5159,7.6
5160,5.2
5161,34.3
5162,9.6
5163,10.2
5164,6.8
5165,8.2
5166,23.7
5167,10.3
5168,13.1
5169,9.3
5170,3.8
5171,8.2
5172,9.7
5173,12.2
5174,6.5
5175,8.1
5176,10.2
5177,37.0
5178,11.4
5179,49.5
5180,9.9
5181,23.9
5182,12.4
5183,23.1
5184,12.1
5185,9.8
5186,12.7
5187,0.0
5188,42.3
5189,6.0
5190,10.7
5191,13.4
5192,9.7
5193,2.3
5194,9.7
5195,10.5
5196,14.5
5197,2.1
5198,11.1
5199,2.4
5200,4.3
5201,14.0
5202,9.0
5203,6.6
5204,9.6
5205,0.0
5206,29.7
5207,5.8
5208,12.5
5209,5.7
5210,11.9
5211,6.8
5212,30.1
5213,4.3
5214,11.5
5215,13.6
5216,14.1
5217,11.9
5218,9.1
5219,4.8
5220,9.4
5221,9.1
5222,8.5
5223,7.8
5224,8.4
5225,16.9
5226,9.5
5227,12.0
5228,7.3
5229,0.0
5230,7.4
5231,8.9
5232,8.2
5233,9.0
5234,12.0
5235,10.4
5236,9.2
5237,7.1
5238,5.7
5239,1.1
5240,9.6
5241,7.2
5242,0.0
5243,4.65
5244,10.2
5245,13.8
5246,10.2
5247,9.9
5248,9.25
5249,14.8
5250,10.6
5251,20.2
5252,8.3
5253,8.1
5254,10.2
5255,25.2
5256,16.5
5257,9.1
5258,12.7
5259,5.9
5260,6.9
5261,5.5
5262,6.9
5263,10.6
5264,0.0
5265,10.1
5266,4.4
5267,10.0
5268,6.7
5269,9.7
5270,10.4
5271,9.6
5272,0.0
5273,9.5
5274,8.9
5275,21.2
5276,20.2
5277,4.0
5278,6.4
5279,10.8
5280,4.0
5281,9.4
5282,12.7
5283,10.8
5284,5.7
5285,12.5
5286,7.6
5287,10.6
5288,0.0
5289,4.2
5290,11.5
5291,24.1
5292,11.3
5293,16.9
5294,11.7
5295,15.0
5296,8.5
5297,9.1
5298,0.0
5299,10.3
5300,8.0
5301,18.7
5302,3.4
5303,20.8
5304,1.9
5305,0.0
5306,10.5
5307,4.0
5308,8.8
5309,7.3
5310,8.8
5311,6.8
5312,49.5
5313,0.0
5314,5.0
5315,8.7
5316,6.7
5317,19.8
5318,8.3
5319,9.5
5320,3.6
5321,0.0
5322,10.5
5323,0.0
5324,7.8
5325,3.6
5326,8.7
5327,10.3
5328,66.6
5329,12.6
5330,41.9
5331,9.2
5332,0.0
5333,5.5
5334,10.4
5335,4.4
5336,10.3
5337,19.2
5338,6.3
5339,8.1
5340,17.8
5341,8.8
5342,10.0
5343,9.7
5344,9.6
5345,6.0
5346,0.0
5347,17.1
5348,8.7
5349,6.9
5350,13.1
5351,6.3
5352,12.5
5353,28.4
5354,7.4
5355,10.5
5356,3.6
5357,10.0
5358,13.0
5359,5.3
5360,3.7
5361,9.7
5362,13.3
5363,13.5
5364,3.7
5365,14.6
5366,9.1
5367,9.6
5368,11.4
5369,17.8
5370,0.0
5371,6.8
5372,9.3
5373,7.2
5374,6.1
5375,3.9
5376,9.2
5377,0.0
5378,13.5
5379,12.4
5380,4.6
5381,19.3
5382,12.4
5383,6.3
5384,9.6
5385,25.0
5386,17.0
5387,10.6
5388,8.6
5389,0.0
5390,8.6
5391,10.6
5392,30.1
5393,21.0
5394,11.3
5395,34.0
5396,11.6
5397,12.9
5398,17.7
5399,18.2
5400,47.7
5401,7.7
5402,9.0
5403,13.9
5404,4.6
5405,3.9
5406,71.1
5407,0.0
5408,3.4
5409,8.8
5410,20.4
5411,13.2
5412,10.7
5413,6.4
5414,4.2
5415,10.7
5416,6.2
5417,6.4
5418,26.6
5419,8.0
5420,12.2
5421,11.1
5422,61.8
5423,10.5
5424,33.3
5425,8.8
5426,5.6
5427,7.4
5428,3.3
5429,12.6
5430,19.5
5431,9.4
5432,7.7
5433,10.7
5434,5.7
5435,45.5
5436,0.0
5437,9.4
5438,35.4
5439,11.2
5440,6.8
5441,7.7
5442,6.2
5443,13.2
5444,42.5
5445,46.2
5446,9.1
5447,9.4
5448,12.1
5449,12.8
5450,7.5
5451,7.1
5452,0.0
5453,6.0
5454,10.0
5455,10.2
5456,9.2
5457,29.9
5458,1.3
5459,22.0
5460,5.9
5461,10.6
5462,9.3
5463,12.6
5464,6.9
5465,8.2
5466,0.0
5467,8.4
5468,23.9
5469,9.1
5470,10.4
5471,11.1
5472,10.1
5473,6.1
5474,10.0
5475,7.7
5476,11.6
5477,10.7
5478,12.9
5479,35.1
5480,3.1
5481,7.1
5482,11.0
5483,20.1
5484,5.1
5485,3.1
5486,15.5
5487,7.6
5488,10.1
5489,8.5
5490,43.4
5491,8.3
5492,11.2
5493,38.6
5494,10.3
5495,10.6
5496,10.4
5497,11.5
5498,6.8
5499,13.6
5500,17.5
5501,0.0
5502,27.0
5503,9.5
5504,3.0
5505,3.6
5506,12.5
5507,0.0
5508,8.2
5509,11.0
5510,20.8
5511,5.2
5512,9.1
5513,10.5
5514,8.8
5515,0.0
5516,60.0
5517,24.1
5518,8.4
5519,7.6
5520,6.9
5521,19.5
5522,0.0
5523,10.2
5524,0.0
5525,17.8
5526,0.0
5527,0.0
5528,2.7
5529,9.7
5530,10.2
5531,32.0
5532,41.7
5533,11.1
5534,6.5
5535,38.7
5536,2.4
5537,7.2
5538,10.3
5539,0.0
5540,25.3
5541,10.1
5542,4.1
5543,11.4
5544,0.0
5545,4.6
5546,11.7
5547,9.9
5548,7.0
5549,10.3
5550,3.2
5551,18.3
5552,7.6
5553,7.8
5554,11.4
5555,8.1
5556,8.5
5557,11.6
5558,18.3
5559,10.1
5560,7.7
5561,10.2
5562,20.7
5563,7.3
5564,22.4
5565,8.4
5566,6.1
5567,9.1
5568,0.0
5569,5.2
5570,11.3
5571,2.1
5572,4.4
5573,10.6
5574,13.0
5575,4.7
5576,17.2
5577,9.5
5578,12.9
5579,9.8
5580,18.7
5581,6.5
5582,20.5
5583,11.3
5584,6.6
5585,2.4
5586,9.4
5587,10.6
5588,9.9
5589,10.3
5590,2.4
5591,46.8
5592,10.7
5593,40.6
5594,4.1
5595,10.6
5596,6.8
5597,12.2
5598,19.7
5599,24.3
5600,25.7
5601,9.9
5602,9.9
5603,7.9
5604,10.5
5605,7.7
5606,9.6
5607,12.3
5608,10.6
5609,9.4
5610,9.5
5611,4.85
5612,12.0
5613,9.6
5614,9.0
5615,9.0
5616,12.8
5617,6.4
5618,16.7
5619,18.2
5620,9.9
5621,18.1
5622,14.2
5623,5.0
5624,6.9
5625,11.4
5626,4.7
5627,27.6
5628,11.9
5629,23.3
5630,20.3
5631,10.0
5632,9.5
5633,14.0
5634,14.8
5635,27.0
5636,4.3
5637,9.3
5638,17.8
5639,21.7
5640,7.3
5641,11.0
5642,0.0
5643,6.6
5644,2.6
5645,7.3
5646,0.0
5647,25.9
5648,65.7
5649,10.2
5650,54.4
5651,8.6
5652,11.6
5653,8.4
5654,26.8
5655,2.7
5656,0.0
5657,15.1
5658,2.6
5659,9.4
5660,8.9
5661,12.9
5662,9.1
5663,9.5
5664,12.3
5665,4.9
5666,9.0
5667,2.3
5668,29.2
5669,5.4
5670,8.9
5671,12.1
5672,6.8
5673,7.7
5674,9.1
5675,8.4
5676,12.0
5677,11.4
5678,4.5
5679,10.8
5680,0.0
5681,10.1
5682,9.9
5683,11.6
5684,6.8
5685,9.7
5686,11.6
5687,45.7
5688,0.0
5689,0.0
5690,5.1
5691,8.5
5692,13.5
5693,11.3
5694,14.5
5695,8.5
5696,4.4
5697,3.5
5698,9.7
5699,8.5
5700,0.0
5701,11.7
5702,12.25
5703,16.4
5704,9.7
5705,10.0
5706,7.9
5707,65.6
5708,9.1
5709,11.5
5710,19.4
5711,6.9
5712,8.3
5713,9.0
5714,12.5
5715,12.4
5716,0.0
5717,21.0
5718,10.0
5719,19.9
5720,11.8
5721,8.4
5722,12.5
5723,9.5
5724,7.2
5725,6.7
5726,17.7
5727,52.3
5728,25.5
5729,10.6
5730,10.4
5731,0.0
5732,10.0
5733,11.1
5734,15.3
5735,8.0
5736,10.9
5737,13.8
5738,3.3
5739,8.0
5740,5.7
5741,32.8
5742,6.2
5743,0.0
5744,5.0
5745,0.0
5746,30.9
5747,9.0
5748,7.9
5749,9.1
5750,35.8
5751,10.1
5752,8.0
5753,5.7
5754,11.1
5755,7.8
5756,0.0
5757,9.5
5758,0.0
5759,9.7
5760,10.8
5761,12.4
5762,13.4
5763,9.9
5764,5.0
5765,6.5
5766,12.2
5767,12.0
5768,8.6
5769,10.0
5770,8.4
5771,10.3
5772,0.0
5773,3.8
5774,14.6
5775,0.0
5776,12.9
5777,7.2
5778,5.9
5779,6.7
5780,8.5
5781,9.0
5782,18.0
5783,20.7
5784,24.8
5785,9.5
5786,13.6
5787,28.6
5788,4.2
5789,9.1
5790,4.7
5791,11.8
5792,6.8
5793,0.0
5794,17.1
5795,40.1
5796,11.2
5797,49.3
5798,11.0
5799,0.0
5800,7.5
5801,10.1
5802,11.3
5803,33.1
5804,7.8
5805,3.7
5806,11.5
5807,29.9
5808,3.6
5809,10.5
5810,9.2
5811,12.6
5812,13.2
5813,15.0
5814,7.2
5815,9.1
5816,9.7
5817,8.6
5818,9.4
5819,3.0
5820,6.0
5821,5.1
5822,8.6
5823,6.9
5824,2.8
5825,5.9
5826,3.5
5827,63.4
5828,9.6
5829,17.2
5830,5.2
5831,12.4
5832,13.8
5833,9.7
5834,14.2
5835,13.6
5836,25.5
5837,10.4
5838,12.3
5839,10.6
5840,16.8
5841,6.4
5842,9.9
5843,13.2
5844,6.0
5845,9.9
5846,29.6
5847,8.1
5848,9.7
5849,4.1
5850,18.2
5851,7.9
5852,19.7
5853,8.4
5854,8.9
5855,4.6
5856,11.0
5857,5.3
5858,11.6
5859,8.7
5860,7.4
5861,44.1
5862,3.6
5863,14.1
5864,13.1
5865,9.4
5866,7.3
5867,9.0
5868,35.2
5869,8.1
5870,8.2
5871,9.3
5872,13.7
5873,11.0
5874,27.8
5875,15.8
5876,12.7
5877,8.5
5878,0.0
5879,17.0
5880,12.7
5881,20.5
5882,9.9
5883,20.7
5884,13.9
5885,0.0
5886,7.5
5887,9.8
5888,0.0
5889,33.8
5890,10.3
5891,10.1
5892,6.0
5893,7.3
5894,20.5
5895,9.2
5896,11.4
5897,39.9
5898,10.1
5899,0.0
5900,6.1
5901,13.0
5902,6.2
5903,11.2
5904,12.6
5905,0.0
5906,9.4
5907,12.5
5908,14.0
5909,11.5
5910,12.0
5911,8.1
5912,9.1
5913,10.8
5914,6.9
5915,11.2
5916,12.3
5917,9.8
5918,13.7
5919,5.2
5920,22.1
5921,6.7
5922,8.0
5923,11.7
5924,11.6
5925,18.1
5926,13.1
5927,2.9
5928,0.0
5929,42.5
5930,9.1
5931,6.5
5932,9.4
5933,9.0
5934,2.3
5935,11.7
5936,11.5
5937,24.8
5938,11.5
5939,21.2
5940,5.9
5941,12.5
5942,9.4
5943,0.0
5944,17.3
5945,34.5
5946,8.6
5947,9.9
5948,10.3
5949,10.0
5950,0.0
5951,10.0
5952,13.4
5953,6.2
5954,19.6
5955,13.7
5956,10.2
5957,10.9
5958,0.0
5959,10.3
5960,12.6
5961,15.4
5962,0.0
5963,10.9
5964,6.9
5965,11.9
5966,9.9
5967,14.0
5968,0.0
5969,9.3
5970,42.5
5971,15.4
5972,6.5
5973,8.4
5974,4.4
5975,20.7
5976,6.1
5977,2.0
5978,4.5
5979,17.1
5980,12.2
5981,8.3
5982,7.0
5983,0.0
5984,34.3
5985,8.2
5986,10.4
5987,2.6
5988,6.7
5989,14.4
5990,33.2
5991,9.8
5992,9.5
5993,7.4
5994,8.0
5995,3.5
5996,3.3
5997,4.1
5998,8.7
5999,11.6
6000,9.2
6001,2.5
6002,6.7
6003,9.8
6004,10.7
6005,14.0
6006,7.4
6007,12.5
6008,10.1
6009,8.6
6010,17.5
6011,7.3
6012,6.9
6013,10.7
6014,11.4
6015,0.0
6016,8.9
6017,11.8
6018,7.2
6019,9.1
6020,33.7
6021,11.2
6022,11.8
6023,9.4
6024,34.4
6025,9.6
6026,14.3
6027,10.3
6028,15.2
6029,12.1
6030,10.1
6031,6.9
6032,8.3
6033,10.3
6034,7.7
6035,9.7
6036,9.9
6037,12.1
6038,8.5
6039,17.4
6040,9.7
6041,11.3
6042,2.8
6043,9.6
6044,6.9
6045,29.3
6046,7.9
6047,3.2
6048,17.6
6049,0.0
6050,4.65
6051,17.8
6052,16.1
6053,51.6
6054,10.9
6055,8.2
6056,4.5
6057,13.0
6058,0.0
6059,11.8
6060,6.7
6061,0.0
6062,7.2
6063,0.0
6064,37.3
6065,34.5
6066,22.7
6067,7.1
6068,0.0
6069,20.3
6070,9.7
6071,16.1
6072,6.6
6073,8.5
6074,4.4
6075,12.9
6076,7.1
6077,10.3
6078,5.9
6079,17.7
6080,0.0
6081,8.7
6082,10.4
6083,20.2
6084,26.0
6085,11.1
6086,6.5
6087,7.3
6088,10.7
6089,8.1
6090,13.5
6091,17.7
6092,30.8
6093,7.5
6094,7.7
6095,10.0
6096,5.7
6097,3.0
6098,5.4
6099,10.0
6100,20.2
6101,13.5
6102,18.5
6103,7.2
6104,9.3
6105,0.0
6106,12.3
6107,8.3
6108,11.9
6109,13.5
6110,8.4
6111,17.4
6112,7.7
6113,11.6
6114,0.0
6115,8.3
6116,13.5
6117,11.2
6118,22.1
6119,6.9
6120,19.9
6121,6.4
6122,13.1
6123,13.5
6124,19.2
6125,8.2
6126,3.0
6127,10.6
6128,14.6
6129,11.9
6130,12.35
6131,10.9
6132,30.3
6133,5.6
6134,0.0
6135,7.5
6136,0.0
6137,9.6
6138,9.3
6139,4.4
6140,4.7
6141,9.5
6142,11.1
6143,9.1
6144,22.1
6145,10.7
6146,2.3
6147,10.3
6148,5.1
6149,3.0
6150,11.5
6151,10.2
6152,10.6
6153,0.0
6154,16.6
6155,9.5
6156,50.4
6157,13.6
6158,10.4
6159,8.5
6160,7.4
6161,2.8
6162,9.2
6163,13.3
6164,7.3
6165,13.3
6166,4.1
6167,0.0
6168,11.3
6169,10.3
6170,10.2
6171,10.0
6172,4.8
6173,9.8
6174,11.6
6175,32.4
6176,7.2
6177,30.7
6178,11.8
6179,10.3
6180,17.8
6181,8.5
6182,12.1
6183,8.1
6184,9.9
6185,8.6
6186,8.1
6187,10.2
6188,18.4
6189,7.3
6190,15.1
6191,6.6
6192,3.7
6193,0.0
6194,7.4
6195,7.6
6196,9.1
6197,0.0
6198,8.7
6199,5.8
6200,20.5
6201,9.7
6202,0.0
6203,25.2
6204,0.0
6205,11.8
6206,11.3
6207,10.4
6208,0.0
6209,6.3
6210,21.7
6211,9.6
6212,8.3
6213,10.8
6214,9.4
6215,6.5
6216,8.2
6217,2.2
6218,10.4
6219,9.6
6220,8.8
6221,12.8
6222,11.7
6223,12.3
6224,21.0
6225,3.4
6226,9.0
6227,4.9
6228,30.2
6229,11.0
6230,20.3
6231,34.6
6232,5.0
6233,7.2
6234,4.4
6235,11.5
6236,66.7
6237,20.8
6238,18.6
6239,15.7
6240,10.1
6241,15.0
6242,17.5
6243,6.5
6244,2.1
6245,7.2
6246,0.0
6247,10.7
6248,12.7
6249,0.0
6250,11.7
6251,9.9
6252,6.0
6253,11.4
6254,8.8
6255,10.7
6256,8.5
6257,10.0
6258,24.0
6259,13.7
6260,2.7
6261,28.7
6262,15.4
6263,0.0
6264,5.9
6265,9.1
6266,6.9
6267,0.0
6268,20.2
6269,17.7
6270,11.1
6271,26.1
6272,11.8
6273,9.2
6274,10.5
6275,17.1
6276,0.0
6277,10.1
6278,10.0
6279,8.1
6280,4.0
6281,9.7
6282,10.2
6283,8.0
6284,18.7
6285,7.1
6286,7.2
6287,12.7
6288,9.2
6289,0.0
6290,1.9
6291,9.3
