year,month,day,hour,minute,PAH
2019,9,30,11,15,2.3
2019,9,30,11,30,2.5
2019,9,30,11,45,2.4
2019,9,30,12,0,2.3
2019,9,30,12,15,2.4
2019,9,30,12,30,2.1
2019,9,30,12,45,2
2019,9,30,13,0,1.9
2019,9,30,13,15,1.5
2019,9,30,13,30,1.6
2019,9,30,13,45,1.5
2019,9,30,14,0,1.6
2019,9,30,14,15,2.5
2019,9,30,14,30,4
2019,9,30,14,45,4.8
2019,9,30,15,0,5.5
2019,9,30,15,15,5.5
2019,9,30,15,30,5
2019,9,30,15,45,4.8
2019,9,30,16,0,4.8
2019,9,30,16,15,5.1
2019,9,30,16,30,5
2019,9,30,16,45,5.8
2019,9,30,17,0,6.4
2019,9,30,17,15,6.2
2019,9,30,17,30,6.1
2019,9,30,17,45,5.7
2019,9,30,18,0,5.5
2019,9,30,18,15,5.5
2019,9,30,18,30,5.4
2019,9,30,18,45,5.2
2019,9,30,19,0,4.6
2019,9,30,19,15,4.2
2019,9,30,19,30,4.2
2019,9,30,19,45,3.9
2019,9,30,20,0,3.9
2019,9,30,20,15,4
2019,9,30,20,30,3.9
2019,9,30,20,45,3.9
2019,9,30,21,0,3.9
2019,9,30,21,15,3.8
2019,9,30,21,30,3.6
2019,9,30,21,45,3.6
2019,9,30,22,0,3.7
2019,9,30,22,15,3.8
2019,9,30,22,30,3.8
2019,9,30,22,45,3.8
2019,9,30,23,0,3.5
2019,9,30,23,15,4.1
2019,9,30,23,30,5.4
2019,9,30,23,45,6.2
2019,10,1,0,0,7.3
2019,10,1,0,15,7.7
2019,10,1,0,30,7.6
2019,10,1,0,45,7.7
2019,10,1,1,0,7.8
2019,10,1,1,15,7.6
2019,10,1,1,30,7.4
2019,10,1,1,45,7.6
2019,10,1,2,0,8
2019,10,1,2,15,8
2019,10,1,2,31,8
2019,10,1,2,45,8.4
2019,10,1,3,0,8.35
2019,10,1,3,15,8.35
2019,10,1,3,30,8.35
2019,10,1,3,45,8.3
2019,10,1,4,0,8.5
2019,10,1,4,15,8.5
2019,10,1,4,30,8
2019,10,1,4,45,8.2
2019,10,1,5,0,8.3
2019,10,1,5,15,8.3
2019,10,1,5,30,8.6
2019,10,1,5,45,8.3
2019,10,1,6,0,7
2019,10,1,6,15,7
2019,10,1,6,30,8.3
2019,10,1,6,45,9.1
2019,10,1,7,0,10
2019,10,1,7,15,9.7
2019,10,1,7,30,7.6
2019,10,1,7,45,6.2
2019,10,1,8,0,5.7
2019,10,1,8,15,5
2019,10,1,8,30,4.1
2019,10,1,8,45,3.2
2019,10,1,9,0,2.6
2019,10,1,9,15,2.2
2019,10,1,9,30,2.4
2019,10,1,9,45,2.5
2019,10,1,10,0,2.3
2019,10,1,10,15,2.3
2019,10,1,10,30,2.2
2019,10,1,10,45,2.1
2019,10,1,11,0,2.2
2019,10,1,11,15,2.1
2019,10,1,11,30,2.4
2019,10,1,11,45,2.8
2019,10,1,12,0,3.1
2019,10,1,12,15,3.1
2019,10,1,12,30,3.1
2019,10,1,12,45,3.1
2019,10,1,13,0,3.2
2019,10,1,13,15,3.3
2019,10,1,13,30,3.8
2019,10,1,13,45,3.9
2019,10,1,14,0,3.5
2019,10,1,14,15,3.9
2019,10,1,14,30,6.3
2019,10,1,14,45,8.9
2019,10,1,15,0,9.7
2019,10,1,15,15,9
2019,10,1,15,30,5.9
2019,10,1,15,45,3.1
2019,10,1,16,0,2.5
2019,10,1,16,15,3
2019,10,1,16,30,3.6
2019,10,1,16,45,4.1
2019,10,1,17,0,4.6
2019,10,1,17,15,5.6
2019,10,1,17,30,6.5
2019,10,1,17,45,7.6
2019,10,1,18,0,8.6
2019,10,1,18,15,9
2019,10,1,18,30,9.2
2019,10,1,18,45,9
2019,10,1,19,0,9.1
2019,10,1,19,15,8.9
2019,10,1,19,30,8.9
2019,10,1,19,45,9.2
2019,10,1,20,0,9
2019,10,1,20,15,9.1
2019,10,1,20,30,9.1
2019,10,1,20,45,9
2019,10,1,21,0,9
2019,10,1,21,15,9.3
2019,10,1,21,30,8.8
2019,10,1,21,45,8.3
2019,10,1,22,0,8
2019,10,1,22,15,7.4
2019,10,1,22,30,7.4
2019,10,1,22,45,7.3
2019,10,1,23,0,7.3
2019,10,1,23,15,7.2
2019,10,1,23,30,7.2
2019,10,1,23,45,7.3
2019,10,2,0,0,7.1
2019,10,2,0,15,7.3
2019,10,2,0,30,7.2
2019,10,2,0,45,7.3
2019,10,2,1,0,7.4
2019,10,2,1,15,7.2
2019,10,2,1,30,7.3
2019,10,2,1,45,7.2
2019,10,2,2,0,7.3
2019,10,2,2,15,7.3
2019,10,2,2,30,7.4
2019,10,2,2,45,7.3
2019,10,2,3,0,7.2
2019,10,2,3,15,7.2
2019,10,2,3,30,7.1
2019,10,2,3,45,7.2
2019,10,2,4,0,7.2
2019,10,2,4,15,7.2
2019,10,2,4,30,7.2
2019,10,2,4,45,7.2
2019,10,2,5,0,7.5
2019,10,2,5,15,7.2
2019,10,2,5,30,7.1
2019,10,2,5,45,6.5
2019,10,2,6,0,5.1
2019,10,2,6,15,3.9
2019,10,2,6,30,2.6
2019,10,2,6,45,2.3
2019,10,2,7,0,2.8
2019,10,2,7,15,3.7
2019,10,2,7,30,4.8
2019,10,2,7,45,5.2
2019,10,2,8,0,5
2019,10,2,8,15,5.3
2019,10,2,8,30,5.3
2019,10,2,8,45,5.2
2019,10,2,9,0,5
2019,10,2,9,15,4.1
2019,10,2,9,30,3.2
2019,10,2,9,45,2.8
2019,10,2,10,0,2.7
2019,10,2,10,15,2.9
2019,10,2,10,30,3.1
2019,10,2,10,45,3.1
2019,10,2,11,0,3.1
2019,10,2,11,15,2.5
2019,10,2,11,30,2.2
2019,10,2,11,45,1.9
2019,10,2,12,0,2.2
2019,10,2,12,15,2.4
2019,10,2,12,30,2.6
2019,10,2,12,45,2.7
2019,10,2,13,0,2.1
2019,10,2,13,15,2.1
2019,10,2,13,30,1.8
2019,10,2,13,45,1.5
2019,10,2,14,0,1.5
2019,10,2,14,15,1.3
2019,10,2,14,30,1.1
2019,10,2,14,45,1.2
2019,10,2,15,0,1.2
2019,10,2,15,15,1.1
2019,10,2,15,30,1.2
2019,10,2,15,45,1.1
2019,10,2,16,0,1.1
2019,10,2,16,15,1.2
2019,10,2,16,30,1.4
2019,10,2,16,45,1.7
2019,10,2,17,0,1.8
2019,10,2,17,15,1.9
2019,10,2,17,30,2.2
2019,10,2,17,45,2.1
2019,10,2,18,0,2.4
2019,10,2,18,15,2.6
2019,10,2,18,30,2.2
2019,10,2,18,45,2.1
2019,10,2,19,0,2.1
2019,10,2,19,15,2.2
2019,10,2,19,30,2.2
2019,10,2,19,45,2.4
2019,10,2,20,0,2.1
2019,10,2,20,15,1.9
2019,10,2,20,30,2
2019,10,2,20,45,2
2019,10,2,21,0,2
2019,10,2,21,15,2.1
2019,10,2,21,30,2
2019,10,2,21,45,1.9
2019,10,2,22,0,2
2019,10,2,22,15,3.4
2019,10,2,22,30,5.2
2019,10,2,22,45,6.9
2019,10,2,23,0,8.6
2019,10,2,23,15,8.6
2019,10,2,23,30,8.6
2019,10,2,23,45,8.4
2019,10,3,0,0,8.5
2019,10,3,0,15,8.9
2019,10,3,0,30,8.9
2019,10,3,0,45,9.1
2019,10,3,1,0,8.9
2019,10,3,1,15,8.7
2019,10,3,1,30,8.6
2019,10,3,1,45,8.5
2019,10,3,2,0,8.65
2019,10,3,2,15,8.65
2019,10,3,2,31,8.8
2019,10,3,2,45,8.4
2019,10,3,3,0,8.1
2019,10,3,3,15,8.1
2019,10,3,3,30,7.8
2019,10,3,3,45,8.4
2019,10,3,4,0,8.5
2019,10,3,4,15,8.9
2019,10,3,4,30,9.4
2019,10,3,4,45,9.5
2019,10,3,5,0,9.5
2019,10,3,5,15,9.4
2019,10,3,5,30,9.5
2019,10,3,5,45,9.3
2019,10,3,6,0,8.6
2019,10,3,6,15,7.7
2019,10,3,6,30,6.7
2019,10,3,6,45,6.5
2019,10,3,7,0,6.1
2019,10,3,7,15,5.8
2019,10,3,7,30,5.9
2019,10,3,7,45,4.8
2019,10,3,8,0,4.9
2019,10,3,8,15,5.3
2019,10,3,8,30,5.6
2019,10,3,8,45,6.1
2019,10,3,9,0,6
2019,10,3,9,15,5.9
2019,10,3,9,30,5.5
2019,10,3,9,45,5.1
2019,10,3,10,0,5.2
2019,10,3,10,15,4.8
2019,10,3,10,30,4.3
2019,10,3,10,45,3.9
2019,10,3,11,0,3.5
2019,10,3,11,15,3.3
2019,10,3,11,30,3
2019,10,3,11,45,3.3
2019,10,3,12,0,3.1
2019,10,3,12,15,3.3
2019,10,3,12,30,3.3
2019,10,3,12,45,3.2
2019,10,3,13,0,3.3
2019,10,3,13,15,3
2019,10,3,13,30,3
2019,10,3,13,45,3
2019,10,3,14,0,3.1
2019,10,3,14,15,3.1
2019,10,3,14,30,3.2
2019,10,3,14,45,2.9
2019,10,3,15,0,4.3
2019,10,3,15,15,4.7
2019,10,3,15,30,5
2019,10,3,15,45,5.6
2019,10,3,16,0,4.6
2019,10,3,16,15,4.9
2019,10,3,16,30,5.3
2019,10,3,16,45,5.6
2019,10,3,17,0,6
2019,10,3,17,15,6.8
2019,10,3,17,30,7.1
2019,10,3,17,45,7.6
2019,10,3,18,0,7.8
2019,10,3,18,15,7.7
2019,10,3,18,30,8.1
2019,10,3,18,45,8.6
2019,10,3,19,0,8.9
2019,10,3,19,15,9
2019,10,3,19,30,9.1
2019,10,3,19,45,9.1
2019,10,3,20,0,9.3
2019,10,3,20,15,9.3
2019,10,3,20,30,9.2
2019,10,3,20,45,8.8
2019,10,3,21,0,8.6
2019,10,3,21,15,8.5
2019,10,3,21,30,8.2
2019,10,3,21,45,8.3
2019,10,3,22,0,8.2
2019,10,3,22,15,8.3
2019,10,3,22,30,8.3
2019,10,3,22,45,8.3
2019,10,3,23,0,8.3
2019,10,3,23,15,8.1
2019,10,3,23,30,8.4
2019,10,3,23,45,8.3
2019,10,4,0,0,8.5
2019,10,4,0,15,8.5
2019,10,4,0,30,8.4
2019,10,4,0,45,8.6
2019,10,4,1,0,8.3
2019,10,4,1,15,8.4
2019,10,4,1,30,8.5
2019,10,4,1,45,8.4
2019,10,4,2,0,8.5
2019,10,4,2,15,8.5
2019,10,4,2,30,8.6
2019,10,4,2,45,8.6
2019,10,4,3,0,8.6
2019,10,4,3,15,8.6
2019,10,4,3,30,8.6
2019,10,4,3,45,8.7
2019,10,4,4,0,8.6
2019,10,4,4,15,8.5
2019,10,4,4,30,8.7
2019,10,4,4,45,8.6
2019,10,4,5,0,8.5
2019,10,4,5,15,8.6
2019,10,4,5,30,8.4
2019,10,4,5,45,8.2
2019,10,4,6,0,7.9
2019,10,4,6,15,9.5
2019,10,4,6,30,12.6
2019,10,4,6,45,15.7
2019,10,4,7,0,19
2019,10,4,7,15,18
2019,10,4,7,30,14.8
2019,10,4,7,45,12
2019,10,4,8,0,8.9
2019,10,4,8,15,6.9
2019,10,4,8,30,5.8
2019,10,4,8,45,4.2
2019,10,4,9,0,2.9
2019,10,4,9,15,2.8
2019,10,4,9,30,2.7
2019,10,4,9,45,2.9
2019,10,4,10,0,3
2019,10,4,10,15,3.3
2019,10,4,10,30,3.1
2019,10,4,10,45,2.9
2019,10,4,11,0,2.8
2019,10,4,11,15,2.7
2019,10,4,11,30,2.6
2019,10,4,11,45,2.7
2019,10,4,12,0,2.7
2019,10,4,12,15,2.5
2019,10,4,12,30,2.8
2019,10,4,12,45,2.8
2019,10,4,13,0,3.2
2019,10,4,13,15,3.7
2019,10,4,13,30,4
2019,10,4,13,45,4.3
2019,10,4,14,0,4.2
2019,10,4,14,15,4.2
2019,10,4,14,30,4.1
2019,10,4,14,45,3.9
2019,10,4,15,0,3.6
2019,10,4,15,15,3.3
2019,10,4,15,30,2.9
2019,10,4,15,45,2.7
2019,10,4,16,0,2.8
2019,10,4,16,15,2.7
2019,10,4,16,30,2.7
2019,10,4,16,45,3.3
2019,10,4,17,0,4.8
2019,10,4,17,15,6.5
2019,10,4,17,30,8.6
2019,10,4,17,45,10.1
2019,10,4,18,0,10.1
2019,10,4,18,15,10.3
2019,10,4,18,30,10.3
2019,10,4,18,45,10.4
2019,10,4,19,0,11.1
2019,10,4,19,15,11.3
2019,10,4,19,30,11.4
2019,10,4,19,45,11.1
2019,10,4,20,0,10.7
2019,10,4,20,15,10.7
2019,10,4,20,30,10.5
2019,10,4,20,45,10.6
2019,10,4,21,0,10.6
2019,10,4,21,15,10.4
2019,10,4,21,30,10.3
2019,10,4,21,45,10.5
2019,10,4,22,0,10.6
2019,10,4,22,15,10.4
2019,10,4,22,30,10.2
2019,10,4,22,45,10.1
2019,10,4,23,0,9.8
2019,10,4,23,15,9.8
2019,10,4,23,30,9.9
2019,10,4,23,45,9.9
2019,10,5,0,0,9.9
2019,10,5,0,15,9.9
2019,10,5,0,30,10
2019,10,5,0,45,9.7
2019,10,5,1,0,9.9
2019,10,5,1,15,9.8
2019,10,5,1,30,9.6
2019,10,5,1,45,9.6
2019,10,5,2,0,9.75
2019,10,5,2,15,9.75
2019,10,5,2,31,9.9
2019,10,5,2,45,9.4
2019,10,5,3,0,9.25
2019,10,5,3,15,9.25
2019,10,5,3,30,9.1
2019,10,5,3,45,9.5
2019,10,5,4,0,9.5
2019,10,5,4,15,9.5
2019,10,5,4,30,9.5
2019,10,5,4,45,9.7
2019,10,5,5,0,9.6
2019,10,5,5,15,9.8
2019,10,5,5,30,9.5
2019,10,5,5,45,9.1
2019,10,5,6,0,8.4
2019,10,5,6,15,7.2
2019,10,5,6,30,6.2
2019,10,5,6,45,5.4
2019,10,5,7,0,5
2019,10,5,7,15,4.8
2019,10,5,7,30,4.9
2019,10,5,7,45,6.8
2019,10,5,8,0,9.2
2019,10,5,8,15,8.8
2019,10,5,8,30,9
2019,10,5,8,45,9.4
2019,10,5,9,0,7.9
2019,10,5,9,15,10.5
2019,10,5,9,30,13.7
2019,10,5,9,45,14.7
2019,10,5,10,0,20
2019,10,5,10,15,24.1
2019,10,5,10,30,26
2019,10,5,10,45,26.5
2019,10,5,11,0,24.9
2019,10,5,11,15,24.4
2019,10,5,11,30,21.9
2019,10,5,11,45,21.1
2019,10,5,12,0,19.5
2019,10,5,12,15,18
2019,10,5,12,30,18
2019,10,5,12,45,16.8
2019,10,5,13,0,15.6
2019,10,5,13,15,13.5
2019,10,5,13,30,11.8
2019,10,5,13,45,10.6
2019,10,5,14,0,9.2
2019,10,5,14,15,7.4
2019,10,5,14,30,5.9
2019,10,5,14,45,4.7
2019,10,5,15,0,4.2
2019,10,5,15,15,4
2019,10,5,15,30,4.2
2019,10,5,15,45,5.5
2019,10,5,16,0,6.7
2019,10,5,16,15,8.1
2019,10,5,16,30,10.3
2019,10,5,16,45,11.6
2019,10,5,17,0,12.3
2019,10,5,17,15,13.7
2019,10,5,17,30,14.3
2019,10,5,17,45,14.8
2019,10,5,18,0,15.4
2019,10,5,18,15,15
2019,10,5,18,30,14.6
2019,10,5,18,45,14.7
2019,10,5,19,0,15.2
2019,10,5,19,15,15.4
2019,10,5,19,30,15.5
2019,10,5,19,45,14.5
2019,10,5,20,0,13.4
2019,10,5,20,15,12.6
2019,10,5,20,30,12.3
2019,10,5,20,45,12
2019,10,5,21,0,12
2019,10,5,21,15,12
2019,10,5,21,30,11.5
2019,10,5,21,45,11.5
2019,10,5,22,0,11.2
2019,10,5,22,15,11.4
2019,10,5,22,30,11
2019,10,5,22,45,11.1
2019,10,5,23,0,11.3
2019,10,5,23,15,11
2019,10,5,23,30,11.1
2019,10,5,23,45,11.2
2019,10,6,0,0,11.2
2019,10,6,0,15,11.1
2019,10,6,0,30,11
2019,10,6,0,45,11.1
2019,10,6,1,0,11.1
2019,10,6,1,15,11
2019,10,6,1,30,11.1
2019,10,6,1,45,11.3
2019,10,6,2,0,12.3
2019,10,6,2,15,12.3
2019,10,6,2,30,13.3
2019,10,6,2,45,13.5
2019,10,6,3,0,13.45
2019,10,6,3,15,13.45
2019,10,6,3,30,13.4
2019,10,6,3,45,13
2019,10,6,4,0,12.3
2019,10,6,4,15,12.2
2019,10,6,4,30,12
2019,10,6,4,45,12.5
2019,10,6,5,0,13.2
2019,10,6,5,15,13.4
2019,10,6,5,30,13.1
2019,10,6,5,45,12.4
2019,10,6,6,0,11.6
2019,10,6,6,15,12
2019,10,6,6,30,15
2019,10,6,6,45,17.3
2019,10,6,7,0,17.5
2019,10,6,7,15,14.5
2019,10,6,7,30,9.1
2019,10,6,7,45,4.5
2019,10,6,8,0,2.6
2019,10,6,8,15,2.8
2019,10,6,8,30,3
2019,10,6,8,45,3.5
2019,10,6,9,0,3.4
2019,10,6,9,15,2.9
2019,10,6,9,30,2.8
2019,10,6,9,45,2.7
2019,10,6,10,0,2.5
2019,10,6,10,15,2.9
2019,10,6,10,30,2.9
2019,10,6,10,45,2.6
2019,10,6,11,0,2.9
2019,10,6,11,15,2.6
2019,10,6,11,30,2.6
2019,10,6,11,45,3.8
2019,10,6,12,0,4.9
2019,10,6,12,15,6.1
2019,10,6,12,30,7.2
2019,10,6,12,45,7.6
2019,10,6,13,0,7.4
2019,10,6,13,15,7.4
2019,10,6,13,30,7.6
2019,10,6,13,45,7.3
2019,10,6,14,0,7.4
2019,10,6,14,15,7.5
2019,10,6,14,30,7
2019,10,6,14,45,5.9
2019,10,6,15,0,4.9
2019,10,6,15,15,3.5
2019,10,6,15,30,2.6
2019,10,6,15,45,2.7
2019,10,6,16,0,2.5
2019,10,6,16,15,2.4
2019,10,6,16,30,2.5
2019,10,6,16,45,2.1
2019,10,6,17,0,2
2019,10,6,17,15,2.4
2019,10,6,17,30,2.2
2019,10,6,17,45,2.3
2019,10,6,18,0,2.6
2019,10,6,18,15,2.4
2019,10,6,18,30,2.6
2019,10,6,18,45,2.8
2019,10,6,19,0,2.8
2019,10,6,19,15,2.7
2019,10,6,19,30,2.7
2019,10,6,19,45,2.8
2019,10,6,20,0,2.6
2019,10,6,20,15,2.8
2019,10,6,20,30,2.8
2019,10,6,20,45,2.7
2019,10,6,21,0,2.7
2019,10,6,21,15,2.5
2019,10,6,21,30,2.6
2019,10,6,21,45,2.5
2019,10,6,22,0,2.5
2019,10,6,22,15,2.6
2019,10,6,22,30,2.4
2019,10,6,22,45,2.4
2019,10,6,23,0,2.4
2019,10,6,23,15,2.3
2019,10,6,23,30,2.3
2019,10,6,23,45,2.4
2019,10,7,0,0,2.5
2019,10,7,0,15,2.6
2019,10,7,0,30,2.6
2019,10,7,0,45,2.6
2019,10,7,1,0,2.5
2019,10,7,1,15,2.5
2019,10,7,1,30,2.6
2019,10,7,1,45,2.5
2019,10,7,2,0,2.65
2019,10,7,2,15,2.65
2019,10,7,2,30,2.8
2019,10,7,2,45,2.9
2019,10,7,3,0,2.8
2019,10,7,3,15,2.8
2019,10,7,3,30,2.7
2019,10,7,3,45,2.8
2019,10,7,4,0,2.8
2019,10,7,4,15,4.1
2019,10,7,4,30,5.7
2019,10,7,4,45,7.2
2019,10,7,5,0,8.7
2019,10,7,5,15,9.1
2019,10,7,5,30,8.9
2019,10,7,5,45,8.6
2019,10,7,6,0,8.2
2019,10,7,6,15,10.3
2019,10,7,6,30,13.4
2019,10,7,6,45,16.6
2019,10,7,7,0,18.6
2019,10,7,7,15,14.9
2019,10,7,7,30,10.4
2019,10,7,7,45,6.1
2019,10,7,8,0,2.6
2019,10,7,8,15,2.6
2019,10,7,8,30,2.6
2019,10,7,8,45,2.3
2019,10,7,9,0,2.9
2019,10,7,9,15,2.8
2019,10,7,9,30,2.7
2019,10,7,9,45,2.9
2019,10,7,10,0,2.7
2019,10,7,10,15,3
2019,10,7,10,30,3
2019,10,7,10,45,2.9
2019,10,7,11,0,3
2019,10,7,11,15,2.7
2019,10,7,11,30,2.9
2019,10,7,11,45,2.8
2019,10,7,12,0,2.6
2019,10,7,12,15,2.8
2019,10,7,12,30,2.7
2019,10,7,12,45,2.9
2019,10,7,13,0,3
2019,10,7,13,15,2.7
2019,10,7,13,30,2.8
2019,10,7,13,45,2.5
2019,10,7,14,0,2.4
2019,10,7,14,15,2.5
2019,10,7,14,30,2.5
2019,10,7,14,45,2.5
2019,10,7,15,0,2.5
2019,10,7,15,15,2.5
2019,10,7,15,30,2.3
2019,10,7,15,45,2.4
2019,10,7,16,0,2.7
2019,10,7,16,15,3.1
2019,10,7,16,30,3.5
2019,10,7,16,45,3.9
2019,10,7,17,0,4.2
2019,10,7,17,15,4.4
2019,10,7,17,30,4.7
2019,10,7,17,45,5
2019,10,7,18,0,4.9
2019,10,7,18,15,5.1
2019,10,7,18,30,5
2019,10,7,18,45,4.8
2019,10,7,19,0,4.9
2019,10,7,19,15,4.8
2019,10,7,19,30,5
2019,10,7,19,45,5.4
2019,10,7,20,0,5.9
2019,10,7,20,15,6.5
2019,10,7,20,30,6.8
2019,10,7,20,45,6.9
2019,10,7,21,0,7
2019,10,7,21,15,7.9
2019,10,7,21,30,9
2019,10,7,21,45,9.9
2019,10,7,22,0,10.5
2019,10,7,22,15,10.5
2019,10,7,22,30,10.3
2019,10,7,22,45,10.6
2019,10,7,23,0,10.9
2019,10,7,23,15,10.6
2019,10,7,23,30,10.7
2019,10,7,23,45,10.4
2019,10,8,0,0,10.4
2019,10,8,0,15,10.5
2019,10,8,0,30,10.5
2019,10,8,0,45,10.7
2019,10,8,1,0,10.5
2019,10,8,1,15,10.3
2019,10,8,1,30,10
2019,10,8,1,45,10
2019,10,8,2,0,5
2019,10,8,2,15,5
2019,10,8,2,30,5
2019,10,8,2,45,5
2019,10,8,3,0,0
2019,10,8,3,15,5.55
2019,10,8,3,30,5.55
2019,10,8,3,45,5.55
2019,10,8,4,0,5.55
2019,10,8,4,15,11.1
2019,10,8,4,30,11.1
2019,10,8,4,45,10.9
2019,10,8,5,0,10.8
2019,10,8,5,15,11
2019,10,8,5,30,11.4
2019,10,8,5,45,11.6
2019,10,8,6,0,11.5
2019,10,8,6,15,11.3
2019,10,8,6,30,10.7
2019,10,8,6,45,10
2019,10,8,7,0,9.9
2019,10,8,7,15,9.8
2019,10,8,7,30,9.5
2019,10,8,7,45,9.1
2019,10,8,8,0,9
2019,10,8,8,15,8.7
2019,10,8,8,30,8.6
2019,10,8,8,45,8.5
2019,10,8,9,0,7.6
2019,10,8,9,15,6.4
2019,10,8,9,30,5.5
2019,10,8,9,45,4.8
2019,10,8,10,0,4.4
2019,10,8,10,15,3.9
2019,10,8,10,30,3.8
2019,10,8,10,45,3.6
2019,10,8,11,0,3.6
2019,10,8,11,15,3.9
2019,10,8,11,30,3.6
2019,10,8,11,45,3.7
2019,10,8,12,0,3.4
2019,10,8,12,15,3.3
2019,10,8,12,30,3.2
2019,10,8,12,45,3
2019,10,8,13,0,2.9
2019,10,8,13,15,2.6
2019,10,8,13,30,2.8
2019,10,8,13,45,2.7
2019,10,8,14,0,2.7
2019,10,8,14,15,2.7
2019,10,8,14,30,2.5
2019,10,8,14,45,2.8
2019,10,8,15,0,2.6
2019,10,8,15,15,2.7
2019,10,8,15,30,2.8
2019,10,8,15,45,2.4
2019,10,8,16,0,2.7
2019,10,8,16,15,2.9
2019,10,8,16,30,2.8
2019,10,8,16,45,2.7
2019,10,8,17,0,2.6
2019,10,8,17,15,2.6
2019,10,8,17,30,2.9
2019,10,8,17,45,3.2
2019,10,8,18,0,3.1
2019,10,8,18,15,3.3
2019,10,8,18,30,2.9
2019,10,8,18,45,3.1
2019,10,8,19,0,3.4
2019,10,8,19,15,3
2019,10,8,19,30,3.1
2019,10,8,19,45,3.2
2019,10,8,20,0,3
2019,10,8,20,15,3.1
2019,10,8,20,30,3.1
2019,10,8,20,45,3
2019,10,8,21,0,4.5
2019,10,8,21,15,6.2
2019,10,8,21,30,7.7
2019,10,8,21,45,8.9
2019,10,8,22,0,8.9
2019,10,8,22,15,8.7
2019,10,8,22,30,8.7
2019,10,8,22,45,8.8
2019,10,8,23,0,8.5
2019,10,8,23,15,8.5
2019,10,8,23,30,8.5
2019,10,8,23,45,8.4
2019,10,9,0,0,8.4
2019,10,9,0,15,8.5
2019,10,9,0,30,8.5
2019,10,9,0,45,8.7
2019,10,9,1,0,9.2
2019,10,9,1,15,9
2019,10,9,1,30,8.9
2019,10,9,1,45,8.9
2019,10,9,2,0,8.7
2019,10,9,2,15,8.55
2019,10,9,2,31,8.55
2019,10,9,2,45,8.4
2019,10,9,3,0,8.4
2019,10,9,3,15,8.35
2019,10,9,3,30,8.35
2019,10,9,3,45,8.3
2019,10,9,4,0,8.4
2019,10,9,4,15,8.6
2019,10,9,4,30,8.7
2019,10,9,4,45,8.6
2019,10,9,5,0,8.5
2019,10,9,5,15,8.9
2019,10,9,5,30,8.7
2019,10,9,5,45,8.7
2019,10,9,6,0,8.1
2019,10,9,6,15,6.6
2019,10,9,6,30,5.2
2019,10,9,6,45,4
2019,10,9,7,0,3.1
2019,10,9,7,15,2.8
2019,10,9,7,30,2.9
2019,10,9,7,45,2.9
2019,10,9,8,0,2.6
2019,10,9,8,15,2.2
2019,10,9,8,30,2.2
2019,10,9,8,45,1.8
2019,10,9,9,0,1.9
2019,10,9,9,15,2
2019,10,9,9,30,2.1
2019,10,9,9,45,2.5
2019,10,9,10,0,2.9
2019,10,9,10,15,3.9
2019,10,9,10,30,4.3
2019,10,9,10,45,4.4
2019,10,9,11,0,4.4
2019,10,9,11,15,3.8
2019,10,9,11,30,3.4
2019,10,9,11,45,3.5
2019,10,9,12,0,3.7
2019,10,9,12,15,4.1
2019,10,9,12,30,5.4
2019,10,9,12,45,6.3
2019,10,9,13,0,6
2019,10,9,13,15,5.6
2019,10,9,13,30,4.4
2019,10,9,13,45,3.2
2019,10,9,14,0,3.2
2019,10,9,14,15,3.2
2019,10,9,14,30,2.9
2019,10,9,14,45,2.9
2019,10,9,15,0,2.9
2019,10,9,15,15,2.9
2019,10,9,15,30,2.8
2019,10,9,15,45,2.9
2019,10,9,16,0,2.9
2019,10,9,16,15,4.5
2019,10,9,16,30,9.6
2019,10,9,16,45,14.5
2019,10,9,17,0,16.5
2019,10,9,17,15,16.9
2019,10,9,17,30,13.9
2019,10,9,17,45,10.7
2019,10,9,18,0,10.5
2019,10,9,18,15,10.2
2019,10,9,18,30,10.1
2019,10,9,18,45,10.3
2019,10,9,19,0,10.1
2019,10,9,19,15,10
2019,10,9,19,30,10.3
2019,10,9,19,45,10.3
2019,10,9,20,0,10.6
2019,10,9,20,15,11
2019,10,9,20,30,10.7
2019,10,9,20,45,10.5
2019,10,9,21,0,10.3
2019,10,9,21,15,10.1
2019,10,9,21,30,10.1
2019,10,9,21,45,10.1
2019,10,9,22,0,10
2019,10,9,22,15,9.6
2019,10,9,22,30,9.3
2019,10,9,22,45,9
2019,10,9,23,0,8.9
2019,10,9,23,15,9.1
2019,10,9,23,30,9
2019,10,9,23,45,9.1
2019,10,10,0,0,9
2019,10,10,0,15,8.9
2019,10,10,0,30,8.8
2019,10,10,0,45,8.8
2019,10,10,1,0,8.9
2019,10,10,1,15,8.9
2019,10,10,1,30,9.1
2019,10,10,1,45,9.1
2019,10,10,2,0,9
2019,10,10,2,15,9
2019,10,10,2,30,8.9
2019,10,10,2,45,8.8
2019,10,10,3,0,8.9
2019,10,10,3,15,8.9
2019,10,10,3,30,9
2019,10,10,3,45,9.2
2019,10,10,4,0,9.3
2019,10,10,4,15,9.3
2019,10,10,4,30,9.7
2019,10,10,4,45,9.7
2019,10,10,5,0,9.5
2019,10,10,5,15,9.3
2019,10,10,5,30,8.8
2019,10,10,5,45,8.2
2019,10,10,6,0,7.8
2019,10,10,6,15,7.6
2019,10,10,6,30,6.2
2019,10,10,6,45,5.6
2019,10,10,7,0,6.3
2019,10,10,7,15,5.3
2019,10,10,7,30,5.6
2019,10,10,7,45,5.7
2019,10,10,8,0,4.3
2019,10,10,8,15,4.4
2019,10,10,8,30,4.7
2019,10,10,8,45,4.5
2019,10,10,9,0,4
2019,10,10,9,15,3.5
2019,10,10,9,30,3
2019,10,10,9,45,2.8
2019,10,10,10,0,3.1
2019,10,10,10,15,3.3
2019,10,10,10,30,3.3
2019,10,10,10,45,2.8
2019,10,10,11,0,2.4
2019,10,10,11,15,3.9
2019,10,10,11,30,5.5
2019,10,10,11,45,7.4
2019,10,10,12,0,9.4
2019,10,10,12,15,9.6
2019,10,10,12,30,9.8
2019,10,10,12,45,9.7
2019,10,10,13,0,9.8
2019,10,10,13,15,9.3
2019,10,10,13,30,7.6
2019,10,10,13,45,6.6
2019,10,10,14,0,5.2
2019,10,10,14,15,4.3
2019,10,10,14,30,5.1
2019,10,10,14,45,5.6
2019,10,10,15,0,5.6
2019,10,10,15,15,5.6
2019,10,10,15,30,5.2
2019,10,10,15,45,4.2
2019,10,10,16,0,3.9
2019,10,10,16,15,4
2019,10,10,16,30,3.7
2019,10,10,16,45,4
2019,10,10,17,0,4
2019,10,10,17,15,3.6
2019,10,10,17,30,3.6
2019,10,10,17,45,3.8
2019,10,10,18,0,3.8
2019,10,10,18,15,4.2
2019,10,10,18,30,4.4
2019,10,10,18,45,4.4
2019,10,10,19,0,4.7
2019,10,10,19,15,4.6
2019,10,10,19,30,4.4
2019,10,10,19,45,4.3
2019,10,10,20,0,4.4
2019,10,10,20,15,4.2
2019,10,10,20,30,4.4
2019,10,10,20,45,4.3
2019,10,10,21,0,3.9
2019,10,10,21,15,4.1
2019,10,10,21,30,4.1
2019,10,10,21,45,4.1
2019,10,10,22,0,4.3
2019,10,10,22,15,4.5
2019,10,10,22,30,4.4
2019,10,10,22,45,4.3
2019,10,10,23,0,4.2
2019,10,10,23,15,3.9
2019,10,10,23,30,4.1
2019,10,10,23,45,4.1
2019,10,11,0,0,4.1
2019,10,11,0,15,5.1
2019,10,11,0,30,6
2019,10,11,0,45,7.5
2019,10,11,1,0,8.9
2019,10,11,1,15,9.3
2019,10,11,1,30,9.6
2019,10,11,1,45,9.3
2019,10,11,2,0,9.4
2019,10,11,2,15,9.4
2019,10,11,2,31,9.5
2019,10,11,2,45,9.3
2019,10,11,3,0,9.25
2019,10,11,3,15,9.25
2019,10,11,3,30,9.2
2019,10,11,3,45,9.6
2019,10,11,4,0,9.3
2019,10,11,4,15,9.3
2019,10,11,4,30,9.4
2019,10,11,4,45,9.3
2019,10,11,5,0,9.2
2019,10,11,5,15,9.2
2019,10,11,5,30,9.1
2019,10,11,5,45,9
2019,10,11,6,0,9.9
2019,10,11,6,15,13.5
2019,10,11,6,30,16.3
2019,10,11,6,45,19.4
2019,10,11,7,0,20.6
2019,10,11,7,15,15.2
2019,10,11,7,30,10.8
2019,10,11,7,45,6.9
2019,10,11,8,0,4.1
2019,10,11,8,15,5.2
2019,10,11,8,30,6.8
2019,10,11,8,45,8.6
2019,10,11,9,0,10
2019,10,11,9,15,11.3
2019,10,11,9,30,11.4
2019,10,11,9,45,10.7
2019,10,11,10,0,9.4
2019,10,11,10,15,7.3
2019,10,11,10,30,5.5
2019,10,11,10,45,4.3
2019,10,11,11,0,3.6
2019,10,11,11,15,3.4
2019,10,11,11,30,3.4
2019,10,11,11,45,3
2019,10,11,12,0,2.7
2019,10,11,12,15,2.6
2019,10,11,12,30,2.6
2019,10,11,12,45,2.4
2019,10,11,13,0,2.6
2019,10,11,13,15,3.1
2019,10,11,13,30,3
2019,10,11,13,45,2.9
2019,10,11,14,0,2.7
2019,10,11,14,15,2.1
2019,10,11,14,30,2.1
2019,10,11,14,45,2.1
2019,10,11,15,0,2.3
2019,10,11,15,15,3.4
2019,10,11,15,30,4.2
2019,10,11,15,45,5.1
2019,10,11,16,0,5.9
2019,10,11,16,15,5.8
2019,10,11,16,30,6.1
2019,10,11,16,45,6.4
2019,10,11,17,0,6.8
2019,10,11,17,15,7.3
2019,10,11,17,30,7.8
2019,10,11,17,45,7.8
2019,10,11,18,0,7.8
2019,10,11,18,15,8
2019,10,11,18,30,7.9
2019,10,11,18,45,8
2019,10,11,19,0,8.2
2019,10,11,19,15,8.3
2019,10,11,19,30,8.1
2019,10,11,19,45,8.5
2019,10,11,20,0,8.6
2019,10,11,20,15,8.5
2019,10,11,20,30,8.9
2019,10,11,20,45,8.6
2019,10,11,21,0,8.5
2019,10,11,21,15,8.3
2019,10,11,21,30,8.2
2019,10,11,21,45,8
2019,10,11,22,0,7.9
2019,10,11,22,15,8.3
2019,10,11,22,30,8
2019,10,11,22,45,8.1
2019,10,11,23,0,8.2
2019,10,11,23,15,7.7
2019,10,11,23,30,7.8
2019,10,11,23,45,7.9
2019,10,12,0,0,7.9
2019,10,12,0,15,8
2019,10,12,0,30,8
2019,10,12,0,45,8
2019,10,12,1,0,7.9
2019,10,12,1,15,8.1
2019,10,12,1,30,8.1
2019,10,12,1,45,8.1
2019,10,12,2,0,8
2019,10,12,2,15,8
2019,10,12,2,31,8
2019,10,12,2,45,7.9
2019,10,12,3,0,7.95
2019,10,12,3,15,7.95
2019,10,12,3,30,7.95
2019,10,12,3,45,8
2019,10,12,4,0,8.1
2019,10,12,4,15,8.1
2019,10,12,4,30,8.1
2019,10,12,4,45,7.9
2019,10,12,5,0,8.1
2019,10,12,5,15,8
2019,10,12,5,30,8
2019,10,12,5,45,8.1
2019,10,12,6,0,7.6
2019,10,12,6,15,7.3
2019,10,12,6,30,6.7
2019,10,12,6,45,6.2
2019,10,12,7,0,7
2019,10,12,7,15,10.3
2019,10,12,7,30,13.7
2019,10,12,7,45,16.6
2019,10,12,8,0,16.5
2019,10,12,8,15,11.9
2019,10,12,8,30,8.4
2019,10,12,8,45,8.3
2019,10,12,9,0,9.2
2019,10,12,9,15,11.8
2019,10,12,9,30,15.1
2019,10,12,9,45,13.8
2019,10,12,10,0,11.2
2019,10,12,10,15,8.7
2019,10,12,10,30,5
2019,10,12,10,45,2.6
2019,10,12,11,0,2.6
2019,10,12,11,15,2.7
2019,10,12,11,30,2.6
2019,10,12,11,45,2.7
2019,10,12,12,0,2.9
2019,10,12,12,15,3.1
2019,10,12,12,30,3.4
2019,10,12,12,45,4
2019,10,12,13,0,4
2019,10,12,13,15,4.2
2019,10,12,13,30,4.1
2019,10,12,13,45,3.7
2019,10,12,14,0,3.7
2019,10,12,14,15,3.4
2019,10,12,14,30,3.5
2019,10,12,14,45,3.7
2019,10,12,15,0,4
2019,10,12,15,15,4.6
2019,10,12,15,30,4.9
2019,10,12,15,45,5.2
2019,10,12,16,0,5.3
2019,10,12,16,15,5
2019,10,12,16,30,5
2019,10,12,16,45,5.5
2019,10,12,17,0,5.8
2019,10,12,17,15,6.5
2019,10,12,17,30,7.2
2019,10,12,17,45,7.1
2019,10,12,18,0,7.3
2019,10,12,18,15,7.5
2019,10,12,18,30,7.2
2019,10,12,18,45,7.4
2019,10,12,19,0,7.9
2019,10,12,19,15,8
2019,10,12,19,30,8.2
2019,10,12,19,45,8.7
2019,10,12,20,0,8.6
2019,10,12,20,15,8.6
2019,10,12,20,30,8.9
2019,10,12,20,45,8.7
2019,10,12,21,0,8.4
2019,10,12,21,15,8.3
2019,10,12,21,30,8.3
2019,10,12,21,45,8.1
2019,10,12,22,0,8.2
2019,10,12,22,15,8.3
2019,10,12,22,30,8.1
2019,10,12,22,45,8.3
2019,10,12,23,0,8.3
2019,10,12,23,15,8.2
2019,10,12,23,30,8.3
2019,10,12,23,45,8.2
2019,10,13,0,0,8.1
2019,10,13,0,15,8.2
2019,10,13,0,30,8.3
2019,10,13,0,45,7.8
2019,10,13,1,0,6.3
2019,10,13,1,15,4.9
2019,10,13,1,30,3.2
2019,10,13,1,45,2.1
2019,10,13,2,0,2.7
2019,10,13,2,15,2.8
2019,10,13,2,30,2.9
2019,10,13,2,45,3.5
2019,10,13,3,0,3.2
2019,10,13,3,15,3.4
2019,10,13,3,30,3.6
2019,10,13,3,45,3.3
2019,10,13,4,0,3.3
2019,10,13,4,15,3.5
2019,10,13,4,30,3.3
2019,10,13,4,45,3.2
2019,10,13,5,0,3.7
2019,10,13,5,15,3.5
2019,10,13,5,30,3.5
2019,10,13,5,45,4.1
2019,10,13,6,0,4.8
2019,10,13,6,15,6
2019,10,13,6,30,7.8
2019,10,13,6,45,8.7
2019,10,13,7,0,7.7
2019,10,13,7,15,7
2019,10,13,7,30,5.7
2019,10,13,7,45,4.5
2019,10,13,8,0,4.9
2019,10,13,8,15,4.6
2019,10,13,8,30,4.3
2019,10,13,8,45,4.6
2019,10,13,9,0,4.4
2019,10,13,9,15,4.6
2019,10,13,9,30,4.9
2019,10,13,9,45,4.7
2019,10,13,10,0,4.9
2019,10,13,10,15,4.8
2019,10,13,10,30,4.9
2019,10,13,10,45,4.8
2019,10,13,11,0,4.6
2019,10,13,11,15,4.7
2019,10,13,11,30,4.3
2019,10,13,11,45,4.5
2019,10,13,12,0,4.5
2019,10,13,12,15,4.4
2019,10,13,12,30,4.7
2019,10,13,12,45,4.7
2019,10,13,13,0,5.4
2019,10,13,13,15,9.4
2019,10,13,13,30,13
2019,10,13,13,45,16.5
2019,10,13,14,0,19
2019,10,13,14,15,15.3
2019,10,13,14,30,11.7
2019,10,13,14,45,8.5
2019,10,13,15,0,5.9
2019,10,13,15,15,6
2019,10,13,15,30,6.4
2019,10,13,15,45,6.8
2019,10,13,16,0,7
2019,10,13,16,15,7.4
2019,10,13,16,30,7.8
2019,10,13,16,45,8
2019,10,13,17,0,8.5
2019,10,13,17,15,8.7
2019,10,13,17,30,8.5
2019,10,13,17,45,8.5
2019,10,13,18,0,8.3
2019,10,13,18,15,8.2
2019,10,13,18,30,8.3
2019,10,13,18,45,8.2
2019,10,13,19,0,8.1
2019,10,13,19,15,8
2019,10,13,19,30,8
2019,10,13,19,45,8.1
2019,10,13,20,0,8
2019,10,13,20,15,8.1
2019,10,13,20,30,8.1
2019,10,13,20,45,7.8
2019,10,13,21,0,7.8
2019,10,13,21,15,7.6
2019,10,13,21,30,7.4
2019,10,13,21,45,7.5
2019,10,13,22,0,7.2
2019,10,13,22,15,7.4
2019,10,13,22,30,7.5
2019,10,13,22,45,7.3
2019,10,13,23,0,7.5
2019,10,13,23,15,7.4
2019,10,13,23,30,7.2
2019,10,13,23,45,7.5
2019,10,14,0,0,7.5
2019,10,14,0,15,7.3
2019,10,14,0,30,7.6
2019,10,14,0,45,7.6
2019,10,14,1,0,7.4
2019,10,14,1,15,7.7
2019,10,14,1,30,7.7
2019,10,14,1,45,7.5
2019,10,14,2,0,3.75
2019,10,14,2,15,3.75
2019,10,14,2,30,3.75
2019,10,14,2,45,3.75
2019,10,14,3,0,0
2019,10,14,3,15,0
2019,10,14,3,30,0
2019,10,14,3,45,0
2019,10,14,4,0,0
2019,10,14,4,15,0
2019,10,14,4,30,0
2019,10,14,4,45,0
2019,10,14,5,0,0
2019,10,14,5,15,0
2019,10,14,5,30,0
2019,10,14,5,45,0
2019,10,14,6,0,0
2019,10,14,6,15,0
2019,10,14,6,30,4.55
2019,10,14,6,45,4.55
2019,10,14,7,0,4.55
2019,10,14,7,15,4.55
2019,10,14,7,30,9.1
2019,10,14,7,45,9.6
2019,10,14,8,0,11
2019,10,14,8,15,11
2019,10,14,8,30,11
2019,10,14,8,45,10.5
2019,10,14,9,0,12.2
2019,10,14,9,15,12.9
2019,10,14,9,30,14.9
2019,10,14,9,45,16.5
2019,10,14,10,0,13.3
2019,10,14,10,15,11.3
2019,10,14,10,30,10.1
2019,10,14,10,45,8.9
2019,10,14,11,0,9.3
2019,10,14,11,15,8.9
2019,10,14,11,30,7.5
2019,10,14,11,45,5.7
2019,10,14,12,0,4.4
2019,10,14,12,15,5.1
2019,10,14,12,30,6.4
2019,10,14,12,45,7.2
2019,10,14,13,0,7.4
2019,10,14,13,15,6.5
2019,10,14,13,30,4.8
2019,10,14,13,45,3.7
2019,10,14,14,0,4.7
2019,10,14,14,15,7.2
2019,10,14,14,30,10.4
2019,10,14,14,45,13.9
2019,10,14,15,0,14.2
2019,10,14,15,15,11.9
2019,10,14,15,30,9.1
2019,10,14,15,45,6.2
2019,10,14,16,0,4.9
2019,10,14,16,15,5.2
2019,10,14,16,30,6
2019,10,14,16,45,7
2019,10,14,17,0,9.2
2019,10,14,17,15,13.7
2019,10,14,17,30,17.5
2019,10,14,17,45,20.9
2019,10,14,18,0,21.9
2019,10,14,18,15,19.9
2019,10,14,18,30,16.1
2019,10,14,18,45,12.6
2019,10,14,19,0,12.3
2019,10,14,19,15,10.8
2019,10,14,19,30,11.2
2019,10,14,19,45,11.2
2019,10,14,20,0,9.6
2019,10,14,20,15,9.4
2019,10,14,20,30,9.4
2019,10,14,20,45,9.6
2019,10,14,21,0,9.6
2019,10,14,21,15,9.4
2019,10,14,21,30,9.4
2019,10,14,21,45,9.4
2019,10,14,22,0,9.2
2019,10,14,22,15,9.3
2019,10,14,22,30,9.4
2019,10,14,22,45,9.4
2019,10,14,23,0,9.3
2019,10,14,23,15,9.5
2019,10,14,23,30,9.2
2019,10,14,23,45,9.1
2019,10,15,0,0,9.2
2019,10,15,0,15,9.3
2019,10,15,0,30,9.3
2019,10,15,0,45,9.2
2019,10,15,1,0,9.3
2019,10,15,1,15,9.2
2019,10,15,1,30,9.2
2019,10,15,1,45,9.6
2019,10,15,2,0,9.45
2019,10,15,2,15,9.45
2019,10,15,2,31,9.45
2019,10,15,2,45,9.3
2019,10,15,3,0,9.4
2019,10,15,3,15,9.4
2019,10,15,3,30,9.4
2019,10,15,3,45,9.5
2019,10,15,4,0,9.5
2019,10,15,4,15,9.4
2019,10,15,4,30,9.4
2019,10,15,4,45,9.5
2019,10,15,5,0,9.6
2019,10,15,5,15,9.7
2019,10,15,5,30,9.8
2019,10,15,5,45,9.4
2019,10,15,6,0,8.9
2019,10,15,6,15,8.3
2019,10,15,6,30,6.7
2019,10,15,6,45,5.2
2019,10,15,7,0,6.6
2019,10,15,7,15,8.5
2019,10,15,7,30,10.7
2019,10,15,7,45,12.4
2019,10,15,8,0,11
2019,10,15,8,15,9.8
2019,10,15,8,30,7.6
2019,10,15,8,45,6.2
2019,10,15,9,0,5.2
2019,10,15,9,15,4.8
2019,10,15,9,30,7.3
2019,10,15,9,45,10.8
2019,10,15,10,0,14.5
2019,10,15,10,15,17.5
2019,10,15,10,30,18.9
2019,10,15,10,45,18.5
2019,10,15,11,0,18.7
2019,10,15,11,15,18
2019,10,15,11,30,16.5
2019,10,15,11,45,16
2019,10,15,12,0,15
2019,10,15,12,15,14.1
2019,10,15,12,30,13.4
2019,10,15,12,45,11.7
2019,10,15,13,0,9.6
2019,10,15,13,15,8
2019,10,15,13,30,6.4
2019,10,15,13,45,5.3
2019,10,15,14,0,6.2
2019,10,15,14,15,8.6
2019,10,15,14,30,11.8
2019,10,15,14,45,15.1
2019,10,15,15,0,13.7
2019,10,15,15,15,10.4
2019,10,15,15,30,7.3
2019,10,15,15,45,5.2
2019,10,15,16,0,6.4
2019,10,15,16,15,8
2019,10,15,16,30,9.5
2019,10,15,16,45,10.6
2019,10,15,17,0,11.3
2019,10,15,17,15,11.8
2019,10,15,17,30,12.2
2019,10,15,17,45,11.6
2019,10,15,18,0,10.3
2019,10,15,18,15,9.5
2019,10,15,18,30,8.4
2019,10,15,18,45,8.4
2019,10,15,19,0,8.4
2019,10,15,19,15,8.6
2019,10,15,19,30,8.8
2019,10,15,19,45,8.4
2019,10,15,20,0,8.6
2019,10,15,20,15,8.6
2019,10,15,20,30,8.5
2019,10,15,20,45,8.6
2019,10,15,21,0,8.7
2019,10,15,21,15,8.6
2019,10,15,21,30,8.5
2019,10,15,21,45,8.6
2019,10,15,22,0,8.5
2019,10,15,22,15,8.4
2019,10,15,22,30,8.6
2019,10,15,22,45,8.2
2019,10,15,23,0,8.5
2019,10,15,23,15,8.5
2019,10,15,23,30,8.3
2019,10,15,23,45,8.4
2019,10,16,0,0,8.2
2019,10,16,0,15,8
2019,10,16,0,30,8.2
2019,10,16,0,45,8.5
2019,10,16,1,0,8.2
2019,10,16,1,15,8.5
2019,10,16,1,30,8.5
2019,10,16,1,45,8.3
2019,10,16,2,0,8.5
2019,10,16,2,15,8.5
2019,10,16,2,30,8.7
2019,10,16,2,45,9.1
2019,10,16,3,0,9.05
2019,10,16,3,15,9.05
2019,10,16,3,30,9
2019,10,16,3,45,8.7
2019,10,16,4,0,8.9
2019,10,16,4,15,8.8
2019,10,16,4,30,8.5
2019,10,16,4,45,8.8
2019,10,16,5,0,8.6
2019,10,16,5,15,8.7
2019,10,16,5,30,9.2
2019,10,16,5,45,8.8
2019,10,16,6,0,8.7
2019,10,16,6,15,8.7
2019,10,16,6,30,7.9
2019,10,16,6,45,7.7
2019,10,16,7,0,7.3
2019,10,16,7,15,6.3
2019,10,16,7,30,5.9
2019,10,16,7,45,5.2
2019,10,16,8,0,5
2019,10,16,8,15,4.6
2019,10,16,8,30,4.6
2019,10,16,8,45,4.5
2019,10,16,9,0,4.2
2019,10,16,9,15,4.5
2019,10,16,9,30,4.1
2019,10,16,9,45,4
2019,10,16,10,0,4.1
2019,10,16,10,15,3.7
2019,10,16,10,30,3.8
2019,10,16,10,45,4.2
2019,10,16,11,0,3.7
2019,10,16,11,15,3.6
2019,10,16,11,30,3.3
2019,10,16,11,45,2.8
2019,10,16,12,0,3
2019,10,16,12,15,3.1
2019,10,16,12,30,3.4
2019,10,16,12,45,4.1
2019,10,16,13,0,4.4
2019,10,16,13,15,4.6
2019,10,16,13,30,4.1
2019,10,16,13,45,3.2
2019,10,16,14,0,3.2
2019,10,16,14,15,3.2
2019,10,16,14,30,3.8
2019,10,16,14,45,4.3
2019,10,16,15,0,5.3
2019,10,16,15,15,9.7
2019,10,16,15,30,13.8
2019,10,16,15,45,18.1
2019,10,16,16,0,20.6
2019,10,16,16,15,16.9
2019,10,16,16,30,13.4
2019,10,16,16,45,10.1
2019,10,16,17,0,7.5
2019,10,16,17,15,7.8
2019,10,16,17,30,8.3
2019,10,16,17,45,8.2
2019,10,16,18,0,11.3
2019,10,16,18,15,15
2019,10,16,18,30,18.7
2019,10,16,18,45,20.2
2019,10,16,19,0,17.3
2019,10,16,19,15,13.7
2019,10,16,19,30,9.8
2019,10,16,19,45,8.6
2019,10,16,20,0,8.4
2019,10,16,20,15,8.5
2019,10,16,20,30,8.6
2019,10,16,20,45,8.3
2019,10,16,21,0,8.2
2019,10,16,21,15,7.9
2019,10,16,21,30,7.7
2019,10,16,21,45,7.8
2019,10,16,22,0,8.8
2019,10,16,22,15,10.3
2019,10,16,22,30,11
2019,10,16,22,45,12
2019,10,16,23,0,11.8
2019,10,16,23,15,11.2
2019,10,16,23,30,11.1
2019,10,16,23,45,10.7
2019,10,17,0,0,10.8
2019,10,17,0,15,10.7
2019,10,17,0,30,10.4
2019,10,17,0,45,9.5
2019,10,17,1,0,8.6
2019,10,17,1,15,7.8
2019,10,17,1,30,7.4
2019,10,17,1,45,7.6
2019,10,17,2,0,7.7
2019,10,17,2,15,7.7
2019,10,17,2,31,7.7
2019,10,17,2,45,7.8
2019,10,17,3,0,7.85
2019,10,17,3,15,7.85
2019,10,17,3,30,7.85
2019,10,17,3,45,7.9
2019,10,17,4,0,8
2019,10,17,4,15,7.7
2019,10,17,4,30,8
2019,10,17,4,45,8
2019,10,17,5,0,7.8
2019,10,17,5,15,7.9
2019,10,17,5,30,7.9
2019,10,17,5,45,8.1
2019,10,17,6,0,8.5
2019,10,17,6,15,8.8
2019,10,17,6,30,8.4
2019,10,17,6,45,8.4
2019,10,17,7,0,7.6
2019,10,17,7,15,7.3
2019,10,17,7,30,7.5
2019,10,17,7,45,6.7
2019,10,17,8,0,6.4
2019,10,17,8,15,5.7
2019,10,17,8,30,4.4
2019,10,17,8,45,4
2019,10,17,9,0,3.8
2019,10,17,9,15,3.5
2019,10,17,9,30,3.8
2019,10,17,9,45,3.5
2019,10,17,10,0,3.3
2019,10,17,10,15,3.4
2019,10,17,10,30,3.1
2019,10,17,10,45,3.5
2019,10,17,11,0,3.4
2019,10,17,11,15,3.5
2019,10,17,11,30,3.6
2019,10,17,11,45,3.2
2019,10,17,12,0,3.6
2019,10,17,12,15,3.4
2019,10,17,12,30,3.5
2019,10,17,12,45,3.6
2019,10,17,13,0,3.3
2019,10,17,13,15,3.5
2019,10,17,13,30,3.3
2019,10,17,13,45,3.7
2019,10,17,14,0,4.3
2019,10,17,14,15,7.4
2019,10,17,14,30,11.8
2019,10,17,14,45,16.2
2019,10,17,15,0,17.8
2019,10,17,15,15,16
2019,10,17,15,30,12.1
2019,10,17,15,45,11.1
2019,10,17,16,0,11.1
2019,10,17,16,15,10.6
2019,10,17,16,30,12.6
2019,10,17,16,45,10.3
2019,10,17,17,0,9.7
2019,10,17,17,15,10.4
2019,10,17,17,30,9.7
2019,10,17,17,45,9.7
2019,10,17,18,0,9.4
2019,10,17,18,15,9.3
2019,10,17,18,30,8.9
2019,10,17,18,45,8.8
2019,10,17,19,0,9
2019,10,17,19,15,9.2
2019,10,17,19,30,9.7
2019,10,17,19,45,9.7
2019,10,17,20,0,9.8
2019,10,17,20,15,9.6
2019,10,17,20,30,9.7
2019,10,17,20,45,10
2019,10,17,21,0,10.1
2019,10,17,21,15,10
2019,10,17,21,30,9.7
2019,10,17,21,45,9.7
2019,10,17,22,0,9.6
2019,10,17,22,15,10
2019,10,17,22,30,10
2019,10,17,22,45,9.8
2019,10,17,23,0,9.8
2019,10,17,23,15,9.5
2019,10,17,23,30,9.3
2019,10,17,23,45,9
2019,10,18,0,0,8.9
2019,10,18,0,15,8.6
2019,10,18,0,30,8.5
2019,10,18,0,45,8.5
2019,10,18,1,0,8.5
2019,10,18,1,15,8.6
2019,10,18,1,30,8.3
2019,10,18,1,45,8.4
2019,10,18,2,0,7.85
2019,10,18,2,15,7.85
2019,10,18,2,30,7.3
2019,10,18,2,45,8.4
2019,10,18,3,0,8.95
2019,10,18,3,15,8.95
2019,10,18,3,30,9.5
2019,10,18,3,45,8.4
2019,10,18,4,0,8.6
2019,10,18,4,15,8.5
2019,10,18,4,30,8.5
2019,10,18,4,45,8.4
2019,10,18,5,0,8.9
2019,10,18,5,15,9.3
2019,10,18,5,30,9.4
2019,10,18,5,45,10
2019,10,18,6,0,9.9
2019,10,18,6,15,9.8
2019,10,18,6,30,9.9
2019,10,18,6,45,10.1
2019,10,18,7,0,10.1
2019,10,18,7,15,9.8
2019,10,18,7,30,9.1
2019,10,18,7,45,7.8
2019,10,18,8,0,6.9
2019,10,18,8,15,6.4
2019,10,18,8,30,6.5
2019,10,18,8,45,6.4
2019,10,18,9,0,6.3
2019,10,18,9,15,6
2019,10,18,9,30,5.7
2019,10,18,9,45,5.8
2019,10,18,10,0,6
2019,10,18,10,15,8
2019,10,18,10,30,8.9
2019,10,18,10,45,11.8
2019,10,18,11,0,13.7
2019,10,18,11,15,11.6
2019,10,18,11,30,10.9
2019,10,18,11,45,7.8
2019,10,18,12,0,5.4
2019,10,18,12,15,5.4
2019,10,18,12,30,4.8
2019,10,18,12,45,5.2
2019,10,18,13,0,5.3
2019,10,18,13,15,7.6
2019,10,18,13,30,12.4
2019,10,18,13,45,16.5
2019,10,18,14,0,21.2
2019,10,18,14,15,21.7
2019,10,18,14,30,18.4
2019,10,18,14,45,15.3
2019,10,18,15,0,12.5
2019,10,18,15,15,11.6
2019,10,18,15,30,12.1
2019,10,18,15,45,12.7
2019,10,18,16,0,12.1
2019,10,18,16,15,11.5
2019,10,18,16,30,12
2019,10,18,16,45,12.3
2019,10,18,17,0,13.2
2019,10,18,17,15,14.4
2019,10,18,17,30,14.1
2019,10,18,17,45,13.8
2019,10,18,18,0,13.8
2019,10,18,18,15,13.1
2019,10,18,18,30,12.3
2019,10,18,18,45,12.3
2019,10,18,19,0,11.9
2019,10,18,19,15,12.3
2019,10,18,19,30,14.5
2019,10,18,19,45,18.4
2019,10,18,20,0,22.3
2019,10,18,20,15,25.6
2019,10,18,20,30,26
2019,10,18,20,45,21.7
2019,10,18,21,0,18
2019,10,18,21,15,14.3
2019,10,18,21,30,12.3
2019,10,18,21,45,12.1
2019,10,18,22,0,11.4
2019,10,18,22,15,11.1
2019,10,18,22,30,10.6
2019,10,18,22,45,10.3
2019,10,18,23,0,10.2
2019,10,18,23,15,10.4
2019,10,18,23,30,10.4
2019,10,18,23,45,10.4
2019,10,19,0,0,10.9
2019,10,19,0,15,10.8
2019,10,19,0,30,11.1
2019,10,19,0,45,11.3
2019,10,19,1,0,11
2019,10,19,1,15,11
2019,10,19,1,30,10.9
2019,10,19,1,45,10.7
2019,10,19,2,0,10.55
2019,10,19,2,15,10.55
2019,10,19,2,30,10.4
2019,10,19,2,45,10.3
2019,10,19,3,0,10.25
2019,10,19,3,15,10.25
2019,10,19,3,30,10.2
2019,10,19,3,45,10.4
2019,10,19,4,0,10.5
2019,10,19,4,15,10.5
2019,10,19,4,30,10.3
2019,10,19,4,45,10.3
2019,10,19,5,0,10.6
2019,10,19,5,15,11
2019,10,19,5,30,11.4
2019,10,19,5,45,11.7
2019,10,19,6,0,11.4
2019,10,19,6,15,11.1
2019,10,19,6,30,10.6
2019,10,19,6,45,10.4
2019,10,19,7,0,12.5
2019,10,19,7,15,15.2
2019,10,19,7,30,17.5
2019,10,19,7,45,19.5
2019,10,19,8,0,17.5
2019,10,19,8,15,13.7
2019,10,19,8,30,10
2019,10,19,8,45,7
2019,10,19,9,0,5.6
2019,10,19,9,15,5
2019,10,19,9,30,5.1
2019,10,19,9,45,4.2
2019,10,19,10,0,3.6
2019,10,19,10,15,3.7
2019,10,19,10,30,3.6
2019,10,19,10,45,4
2019,10,19,11,0,4.1
2019,10,19,11,15,3.9
2019,10,19,11,30,3.8
2019,10,19,11,45,3.7
2019,10,19,12,0,3.6
2019,10,19,12,15,3.9
2019,10,19,12,30,4
2019,10,19,12,45,4.2
2019,10,19,13,0,4.4
2019,10,19,13,15,3.6
2019,10,19,13,30,3.8
2019,10,19,13,45,3.5
2019,10,19,14,0,3.2
2019,10,19,14,15,3.8
2019,10,19,14,30,3.1
2019,10,19,14,45,3.1
2019,10,19,15,0,3.3
2019,10,19,15,15,3.2
2019,10,19,15,30,3.9
2019,10,19,15,45,5.6
2019,10,19,16,0,8.1
2019,10,19,16,15,10.6
2019,10,19,16,30,13.7
2019,10,19,16,45,15.1
2019,10,19,17,0,15.8
2019,10,19,17,15,15.7
2019,10,19,17,30,14.5
2019,10,19,17,45,13.6
2019,10,19,18,0,12.3
2019,10,19,18,15,12.2
2019,10,19,18,30,12.3
2019,10,19,18,45,12.2
2019,10,19,19,0,12.4
2019,10,19,19,15,12.4
2019,10,19,19,30,12.9
2019,10,19,19,45,13.7
2019,10,19,20,0,14.8
2019,10,19,20,15,15.7
2019,10,19,20,30,16
2019,10,19,20,45,16.5
2019,10,19,21,0,16.2
2019,10,19,21,15,15.9
2019,10,19,21,30,15.8
2019,10,19,21,45,14.7
2019,10,19,22,0,14.1
2019,10,19,22,15,13.7
2019,10,19,22,30,12.4
2019,10,19,22,45,11.4
2019,10,19,23,0,10.8
2019,10,19,23,15,9.8
2019,10,19,23,30,9.9
2019,10,19,23,45,10.7
2019,10,20,0,0,11.2
2019,10,20,0,15,11.5
2019,10,20,0,30,11.6
2019,10,20,0,45,11.6
2019,10,20,1,0,11.6
2019,10,20,1,15,11.7
2019,10,20,1,30,11.5
2019,10,20,1,45,11.6
2019,10,20,2,0,11.95
2019,10,20,2,15,11.95
2019,10,20,2,30,12.3
2019,10,20,2,45,12.1
2019,10,20,3,0,12.2
2019,10,20,3,15,12.2
2019,10,20,3,30,12.3
2019,10,20,3,45,12.7
2019,10,20,4,0,12.6
2019,10,20,4,15,12.8
2019,10,20,4,30,12.8
2019,10,20,4,45,12.7
2019,10,20,5,0,12.7
2019,10,20,5,15,12.7
2019,10,20,5,30,12.8
2019,10,20,5,45,12.9
2019,10,20,6,0,12.4
2019,10,20,6,15,13.5
2019,10,20,6,30,17.1
2019,10,20,6,45,21.05
2019,10,20,7,0,25
2019,10,20,7,15,26.4
2019,10,20,7,30,25.9
2019,10,20,7,45,21.15
2019,10,20,8,0,16.4
2019,10,20,8,15,15.6
2019,10,20,8,30,11.9
2019,10,20,8,45,11.8
2019,10,20,9,0,12.8
2019,10,20,9,15,10
2019,10,20,9,30,9.2
2019,10,20,9,45,8.1
2019,10,20,10,0,6.8
2019,10,20,10,15,5.8
2019,10,20,10,30,5.5
2019,10,20,10,45,4.7
2019,10,20,11,0,4.4
2019,10,20,11,15,4.4
2019,10,20,11,30,3.7
2019,10,20,11,45,3.3
2019,10,20,12,0,3.1
2019,10,20,12,15,2.6
2019,10,20,12,30,2.7
2019,10,20,12,45,3.1
2019,10,20,13,0,3.1
2019,10,20,13,15,3.5
2019,10,20,13,30,3.5
2019,10,20,13,45,3.7
2019,10,20,14,0,3.9
2019,10,20,14,15,3.8
2019,10,20,14,30,4
2019,10,20,14,45,3.6
2019,10,20,15,0,3.5
2019,10,20,15,15,3.5
2019,10,20,15,30,3.1
2019,10,20,15,45,3.5
2019,10,20,16,0,3.2
2019,10,20,16,15,3.2
2019,10,20,16,30,4.3
2019,10,20,16,45,4.7
2019,10,20,17,0,5.8
2019,10,20,17,15,6.6
2019,10,20,17,30,6.7
2019,10,20,17,45,6.8
2019,10,20,18,0,6.7
2019,10,20,18,15,6.8
2019,10,20,18,30,6.7
2019,10,20,18,45,6.9
2019,10,20,19,0,6.9
2019,10,20,19,15,6.9
2019,10,20,19,30,7
2019,10,20,19,45,6.9
2019,10,20,20,0,7.1
2019,10,20,20,15,7
2019,10,20,20,30,7.1
2019,10,20,20,45,7.3
2019,10,20,21,0,7.1
2019,10,20,21,15,7
2019,10,20,21,30,6.9
2019,10,20,21,45,6.9
2019,10,20,22,0,7.1
2019,10,20,22,15,7.4
2019,10,20,22,30,7.2
2019,10,20,22,45,7.2
2019,10,20,23,0,7.2
2019,10,20,23,15,7.2
2019,10,20,23,30,7.5
2019,10,20,23,45,7.1
2019,10,21,0,0,7.1
2019,10,21,0,15,7
2019,10,21,0,30,6.8
2019,10,21,0,45,6.9
2019,10,21,1,0,7
2019,10,21,1,15,7
2019,10,21,1,30,7.1
2019,10,21,1,45,7.1
2019,10,21,2,0,6.9
2019,10,21,2,15,6.9
2019,10,21,2,30,6.7
2019,10,21,2,45,6.8
2019,10,21,3,0,6.8
2019,10,21,3,15,6.8
2019,10,21,3,30,6.8
2019,10,21,3,45,6.6
2019,10,21,4,0,6.8
2019,10,21,4,15,6.4
2019,10,21,4,30,6.5
2019,10,21,4,45,6.7
2019,10,21,5,0,6.8
2019,10,21,5,15,6.8
2019,10,21,5,30,6.8
2019,10,21,5,45,6.9
2019,10,21,6,0,6.7
2019,10,21,6,15,6.6
2019,10,21,6,30,6.1
2019,10,21,6,45,5.8
2019,10,21,7,0,5.2
2019,10,21,7,15,5.2
2019,10,21,7,30,5
2019,10,21,7,45,4.6
2019,10,21,8,0,4.5
2019,10,21,8,15,4.2
2019,10,21,8,30,4.3
2019,10,21,8,45,4.2
2019,10,21,9,0,4.6
2019,10,21,9,15,4.6
2019,10,21,9,30,4.3
2019,10,21,9,45,4.3
2019,10,21,10,0,4
2019,10,21,10,15,3.8
2019,10,21,10,30,3.8
2019,10,21,10,45,4
2019,10,21,11,0,4
2019,10,21,11,15,4.1
2019,10,21,11,30,4.3
2019,10,21,11,45,4.4
2019,10,21,12,0,4.3
2019,10,21,12,15,4.4
2019,10,21,12,30,4.3
2019,10,21,12,45,3.9
2019,10,21,13,0,4.1
2019,10,21,13,15,4.1
2019,10,21,13,30,4.2
2019,10,21,13,45,4.4
2019,10,21,14,0,7.7
2019,10,21,14,15,11.5
2019,10,21,14,30,15.6
2019,10,21,14,45,19.5
2019,10,21,15,0,16.4
2019,10,21,15,15,13.1
2019,10,21,15,30,9.2
2019,10,21,15,45,5.8
2019,10,21,16,0,5.9
2019,10,21,16,15,6.3
2019,10,21,16,30,6.8
2019,10,21,16,45,6.9
2019,10,21,17,0,7.1
2019,10,21,17,15,7.3
2019,10,21,17,30,9.7
2019,10,21,17,45,10.1
2019,10,21,18,0,9.4
2019,10,21,18,15,9
2019,10,21,18,30,6.8
2019,10,21,18,45,6.8
2019,10,21,19,0,7.7
2019,10,21,19,15,7.7
2019,10,21,19,30,7.7
2019,10,21,19,45,7.4
2019,10,21,20,0,7.2
2019,10,21,20,15,7.6
2019,10,21,20,30,7.3
2019,10,21,20,45,7.3
2019,10,21,21,0,7.3
2019,10,21,21,15,7
2019,10,21,21,30,6.8
2019,10,21,21,45,6.8
2019,10,21,22,0,6.7
2019,10,21,22,15,7
2019,10,21,22,30,7.3
2019,10,21,22,45,7
2019,10,21,23,0,7.3
2019,10,21,23,15,6.8
2019,10,21,23,30,6.6
2019,10,21,23,45,6.9
2019,10,22,0,0,6.7
2019,10,22,0,15,6.7
2019,10,22,0,30,6.8
2019,10,22,0,45,6.9
2019,10,22,1,0,6.9
2019,10,22,1,15,7
2019,10,22,1,30,7.1
2019,10,22,1,45,6.8
2019,10,22,2,0,6.65
2019,10,22,2,15,6.65
2019,10,22,2,30,6.5
2019,10,22,2,45,6.5
2019,10,22,3,0,6.6
2019,10,22,3,15,6.6
2019,10,22,3,30,6.7
2019,10,22,3,45,6.5
2019,10,22,4,0,6.3
2019,10,22,4,15,6.6
2019,10,22,4,30,6.2
2019,10,22,4,45,6.6
2019,10,22,5,0,6.8
2019,10,22,5,15,6.8
2019,10,22,5,30,6.9
2019,10,22,5,45,6.9
2019,10,22,6,0,6.7
2019,10,22,6,15,7.3
2019,10,22,6,30,10.8
2019,10,22,6,45,13.7
2019,10,22,7,0,17
2019,10,22,7,15,18.2
2019,10,22,7,30,14.2
2019,10,22,7,45,10.4
2019,10,22,8,0,6.7
2019,10,22,8,15,3.9
2019,10,22,8,30,5.7
2019,10,22,8,45,9.2
2019,10,22,9,0,11.6
2019,10,22,9,15,11.8
2019,10,22,9,30,9.3
2019,10,22,9,45,5.5
2019,10,22,10,0,2.7
2019,10,22,10,15,2.1
2019,10,22,10,30,2.5
2019,10,22,10,45,2.2
2019,10,22,11,0,2.4
2019,10,22,11,15,2.6
2019,10,22,11,30,2.5
2019,10,22,11,45,3.2
2019,10,22,12,0,3.1
2019,10,22,12,15,3.4
2019,10,22,12,30,3.7
2019,10,22,12,45,3.5
2019,10,22,13,0,4.1
2019,10,22,13,15,4.2
2019,10,22,13,30,4.4
2019,10,22,13,45,4.7
2019,10,22,14,0,5
2019,10,22,14,15,5.7
2019,10,22,14,30,7.6
2019,10,22,14,45,11.2
2019,10,22,15,0,11.1
2019,10,22,15,15,10.4
2019,10,22,15,30,8.7
2019,10,22,15,45,5.4
2019,10,22,16,0,5.1
2019,10,22,16,15,5.8
2019,10,22,16,30,6.4
2019,10,22,16,45,7.1
2019,10,22,17,0,7.8
2019,10,22,17,15,8.6
2019,10,22,17,30,9.8
2019,10,22,17,45,10.8
2019,10,22,18,0,12.1
2019,10,22,18,15,12.9
2019,10,22,18,30,12.7
2019,10,22,18,45,15.7
2019,10,22,19,0,18.6
2019,10,22,19,15,21.2
2019,10,22,19,30,23.9
2019,10,22,19,45,22.7
2019,10,22,20,0,19.6
2019,10,22,20,15,15.9
2019,10,22,20,30,12.2
2019,10,22,20,45,9.5
2019,10,22,21,0,8.5
2019,10,22,21,15,8.5
2019,10,22,21,30,8.6
2019,10,22,21,45,8.3
2019,10,22,22,0,8.4
2019,10,22,22,15,8.4
2019,10,22,22,30,8.3
2019,10,22,22,45,8.4
2019,10,22,23,0,8.4
2019,10,22,23,15,8.2
2019,10,22,23,30,8.1
2019,10,22,23,45,8
2019,10,23,0,0,7.8
2019,10,23,0,15,7.9
2019,10,23,0,30,7.8
2019,10,23,0,45,8
2019,10,23,1,0,8.1
2019,10,23,1,15,7.9
2019,10,23,1,30,8
2019,10,23,1,45,7.9
2019,10,23,2,0,7.8
2019,10,23,2,15,7.8
2019,10,23,2,31,7.8
2019,10,23,2,45,7.7
2019,10,23,3,0,7.75
2019,10,23,3,15,7.75
2019,10,23,3,30,7.75
2019,10,23,3,45,7.8
2019,10,23,4,0,7.8
2019,10,23,4,15,8
2019,10,23,4,30,7.7
2019,10,23,4,45,7.9
2019,10,23,5,0,8
2019,10,23,5,15,7.7
2019,10,23,5,30,7.8
2019,10,23,5,45,7.8
2019,10,23,6,0,7.7
2019,10,23,6,15,7.5
2019,10,23,6,30,7.3
2019,10,23,6,45,6.9
2019,10,23,7,0,6.8
2019,10,23,7,15,6.9
2019,10,23,7,30,6.9
2019,10,23,7,45,6.7
2019,10,23,8,0,6.4
2019,10,23,8,15,5.7
2019,10,23,8,30,5.4
2019,10,23,8,45,5.1
2019,10,23,9,0,4.4
2019,10,23,9,15,4.2
2019,10,23,9,30,3.5
2019,10,23,9,45,3.4
2019,10,23,10,0,3.4
2019,10,23,10,15,3.7
2019,10,23,10,30,4
2019,10,23,10,45,4.1
2019,10,23,11,0,4.9
2019,10,23,11,15,5.3
2019,10,23,11,30,5.9
2019,10,23,11,45,6.3
2019,10,23,12,0,6.3
2019,10,23,12,15,6.4
2019,10,23,12,30,6.4
2019,10,23,12,45,6.5
2019,10,23,13,0,6.2
2019,10,23,13,15,6
2019,10,23,13,30,5.4
2019,10,23,13,45,4.8
2019,10,23,14,0,4.9
2019,10,23,14,15,4.6
2019,10,23,14,30,4.9
2019,10,23,14,45,5.2
2019,10,23,15,0,5
2019,10,23,15,15,5.2
2019,10,23,15,30,4.8
2019,10,23,15,45,4.3
2019,10,23,16,0,4.2
2019,10,23,16,15,3.9
2019,10,23,16,30,3.8
2019,10,23,16,45,4
2019,10,23,17,0,4
2019,10,23,17,15,4.2
2019,10,23,17,30,4.2
2019,10,23,17,45,4.3
2019,10,23,18,0,4.1
2019,10,23,18,15,4
2019,10,23,18,30,4
2019,10,23,18,45,3.6
2019,10,23,19,0,3.8
2019,10,23,19,15,3.4
2019,10,23,19,30,3.3
2019,10,23,19,45,3.5
2019,10,23,20,15,3.4
2019,10,23,20,30,3.6
2019,10,23,20,45,3.5
2019,10,23,21,0,4.6
2019,10,23,21,15,3.7
2019,10,23,21,30,3.6
2019,10,23,21,45,3.9
2019,10,23,22,0,4.2
2019,10,23,22,15,5.4
2019,10,23,22,30,6.9
2019,10,23,22,45,7.6
2019,10,23,23,0,8.4
2019,10,23,23,15,8.6
2019,10,23,23,30,8.1
2019,10,23,23,45,8.6
2019,10,24,0,0,8.3
2019,10,24,0,15,8.3
2019,10,24,0,30,8.3
2019,10,24,0,45,8.3
2019,10,24,1,0,8.4
2019,10,24,1,15,8.1
2019,10,24,1,30,8.4
2019,10,24,1,45,8.2
2019,10,24,2,0,8.2
2019,10,24,2,15,8.2
2019,10,24,2,30,8.2
2019,10,24,2,45,8.1
2019,10,24,3,0,8.2
2019,10,24,3,15,8.2
2019,10,24,3,30,8.3
2019,10,24,3,45,8.3
2019,10,24,4,0,8.5
2019,10,24,4,15,8.4
2019,10,24,4,30,8.4
2019,10,24,4,45,8.4
2019,10,24,5,0,8.5
2019,10,24,5,15,8.2
2019,10,24,5,30,8.5
2019,10,24,5,45,8.8
2019,10,24,6,0,8.6
2019,10,24,6,15,8.8
2019,10,24,6,30,8.5
2019,10,24,6,45,8.1
2019,10,24,7,0,7.6
2019,10,24,7,15,7
2019,10,24,7,30,6.2
2019,10,24,7,45,5.5
2019,10,24,8,0,4.9
2019,10,24,8,15,4.3
2019,10,24,8,30,4.1
2019,10,24,8,45,3.8
2019,10,24,9,0,4
2019,10,24,9,15,4.3
2019,10,24,9,30,5
2019,10,24,9,45,5.4
2019,10,24,10,0,5.5
2019,10,24,10,15,5.7
2019,10,24,10,30,5.4
2019,10,24,10,45,5.5
2019,10,24,11,0,5.9
2019,10,24,11,15,5.9
2019,10,24,11,30,6.5
2019,10,24,11,45,6.9
2019,10,24,12,0,7.1
2019,10,24,12,15,7.6
2019,10,24,12,30,7.5
2019,10,24,12,45,7.4
2019,10,24,13,0,7.7
2019,10,24,13,15,7.5
2019,10,24,13,30,8.1
2019,10,24,13,45,9.4
2019,10,24,14,0,12.1
2019,10,24,14,15,16.4
2019,10,24,14,30,20.4
2019,10,24,14,45,24.3
2019,10,24,15,0,25.4
2019,10,24,15,15,22.7
2019,10,24,15,30,22.8
2019,10,24,15,45,19.1
2019,10,24,16,0,16.2
2019,10,24,16,15,16.2
2019,10,24,16,30,12.6
2019,10,24,16,45,12.1
2019,10,24,17,0,12
2019,10,24,17,15,11.5
2019,10,24,17,30,11.5
2019,10,24,17,45,11.9
2019,10,24,18,0,11.9
2019,10,24,18,15,12.1
2019,10,24,18,30,12.2
2019,10,24,18,45,12.1
2019,10,24,19,0,12.1
2019,10,24,19,15,12.2
2019,10,24,19,32,12.25
2019,10,24,19,45,12.3
2019,10,24,20,0,12.1
2019,10,24,20,15,12.1
2019,10,24,20,32,0
2019,10,24,20,45,11.7
2019,10,24,21,0,12
2019,10,24,21,15,11.8
2019,10,24,21,30,11.85
2019,10,24,21,45,11.9
2019,10,24,22,0,11.6
2019,10,24,22,15,11.3
2019,10,24,22,30,10.9
2019,10,24,22,45,10.4
2019,10,24,23,0,10
2019,10,24,23,15,10.1
2019,10,24,23,30,9.9
2019,10,24,23,45,9.7
2019,10,25,0,0,9.9
2019,10,25,0,15,9.5
2019,10,25,0,30,9.7
2019,10,25,0,45,9.8
2019,10,25,1,0,9.7
2019,10,25,1,15,9.7
2019,10,25,1,30,9.8
2019,10,25,1,45,9.8
2019,10,25,2,0,9.6
2019,10,25,2,15,9.6
2019,10,25,2,30,9.4
2019,10,25,2,45,9.4
2019,10,25,3,0,9.4
2019,10,25,3,15,9.4
2019,10,25,3,30,9.4
2019,10,25,3,45,9.2
2019,10,25,4,0,9.4
2019,10,25,4,15,9.5
2019,10,25,4,30,9
2019,10,25,4,45,9.5
2019,10,25,5,0,9.7
2019,10,25,5,15,9.7
2019,10,25,5,30,10.3
2019,10,25,5,45,10.7
2019,10,25,6,0,11.2
2019,10,25,6,15,14.7
2019,10,25,6,30,18.2
2019,10,25,6,45,20.8
2019,10,25,7,0,24.1
2019,10,25,7,15,21.3
2019,10,25,7,30,17.2
2019,10,25,7,45,13.2
2019,10,25,8,0,8.3
2019,10,25,8,15,6.8
2019,10,25,8,30,6.2
2019,10,25,8,45,5.6
2019,10,25,9,0,5.5
2019,10,25,9,15,5
2019,10,25,9,30,4.4
2019,10,25,9,45,4.4
2019,10,25,10,0,4.1
2019,10,25,10,15,4.7
2019,10,25,10,30,5.3
2019,10,25,10,45,5.6
2019,10,25,11,0,6
2019,10,25,11,15,6.2
2019,10,25,11,30,6.3
2019,10,25,11,45,6.7
2019,10,25,12,0,6.3
2019,10,25,12,15,5.2
2019,10,25,12,30,5
2019,10,25,12,45,4.1
2019,10,25,13,0,4.3
2019,10,25,13,15,4.6
2019,10,25,13,30,4.2
2019,10,25,13,45,5.3
2019,10,25,14,0,5.7
2019,10,25,14,15,6.3
2019,10,25,14,30,7.5
2019,10,25,14,45,6.5
2019,10,25,15,0,6
2019,10,25,15,15,5.3
2019,10,25,15,30,4
2019,10,25,15,45,4.6
2019,10,25,16,0,5.5
2019,10,25,16,15,6.8
2019,10,25,16,30,8
2019,10,25,16,45,9.2
2019,10,25,17,0,10.2
2019,10,25,17,15,10.9
2019,10,25,17,30,11.7
2019,10,25,17,45,11.6
2019,10,25,18,0,11.6
2019,10,25,18,15,11.4
2019,10,25,18,30,10.9
2019,10,25,18,45,10.7
2019,10,25,19,0,10.3
2019,10,25,19,15,9.8
2019,10,25,19,30,10.2
2019,10,25,19,45,10.1
2019,10,25,20,0,10.2
2019,10,25,20,15,10.2
2019,10,25,20,30,10
2019,10,25,20,45,10.3
2019,10,25,21,0,9.8
2019,10,25,21,15,10.2
2019,10,25,21,30,10
2019,10,25,21,45,9.7
2019,10,25,22,0,10
2019,10,25,22,15,9.9
2019,10,25,22,30,10
2019,10,25,22,45,10
2019,10,25,23,0,9.9
2019,10,25,23,15,9.7
2019,10,25,23,30,9.8
2019,10,25,23,45,9.7
2019,10,26,0,0,9.8
2019,10,26,0,15,9.9
2019,10,26,0,30,9.7
2019,10,26,0,45,9.9
2019,10,26,1,0,9.7
2019,10,26,1,15,9.7
2019,10,26,1,30,9.7
2019,10,26,1,45,9.8
2019,10,26,2,0,9.75
2019,10,26,2,15,9.75
2019,10,26,2,31,9.75
2019,10,26,2,45,9.7
2019,10,26,3,0,9.7
2019,10,26,3,15,9.7
2019,10,26,3,30,9.7
2019,10,26,3,45,9.7
2019,10,26,4,0,9.9
2019,10,26,4,15,9.7
2019,10,26,4,30,9.7
2019,10,26,4,45,9.7
2019,10,26,5,0,9.7
2019,10,26,5,15,9.7
2019,10,26,5,30,9.9
2019,10,26,5,45,9.9
2019,10,26,6,0,9.9
2019,10,26,6,15,10.3
2019,10,26,6,30,10
2019,10,26,6,45,9.9
2019,10,26,7,0,11
2019,10,26,7,15,13.5
2019,10,26,7,30,16.7
2019,10,26,7,45,19.9
2019,10,26,8,0,20.1
2019,10,26,8,15,16.8
2019,10,26,8,30,13.3
2019,10,26,8,45,9.8
2019,10,26,9,0,7.8
2019,10,26,9,15,7.8
2019,10,26,9,30,7.3
2019,10,26,9,45,6.8
2019,10,26,10,0,6.8
2019,10,26,10,15,6.3
2019,10,26,10,30,6.6
2019,10,26,10,45,6.8
2019,10,26,11,0,6.7
2019,10,26,11,15,6.9
2019,10,26,11,30,6.6
2019,10,26,11,45,6.5
2019,10,26,12,0,6.5
2019,10,26,12,15,6.7
2019,10,26,12,30,6.7
2019,10,26,12,45,6.9
2019,10,26,13,0,7
2019,10,26,13,15,6.6
2019,10,26,13,30,7.1
2019,10,26,13,45,6.8
2019,10,26,14,0,6.7
2019,10,26,14,15,7.5
2019,10,26,14,30,7.4
2019,10,26,14,45,8.1
2019,10,26,15,0,8.5
2019,10,26,15,15,8.3
2019,10,26,15,30,8.6
2019,10,26,15,45,8.7
2019,10,26,16,0,9
2019,10,26,16,15,9.5
2019,10,26,16,30,9.8
2019,10,26,16,45,10
2019,10,26,17,0,10.2
2019,10,26,17,15,10.3
2019,10,26,17,30,10.4
2019,10,26,17,45,10.4
2019,10,26,18,0,10.3
2019,10,26,18,15,9.6
2019,10,26,18,30,9.4
2019,10,26,18,45,9.3
2019,10,26,19,0,9.2
2019,10,26,19,15,9.8
2019,10,26,19,30,9.6
2019,10,26,19,45,9.6
2019,10,26,20,0,9.5
2019,10,26,20,15,9.3
2019,10,26,20,30,9.6
2019,10,26,20,45,9.4
2019,10,26,21,0,9.5
2019,10,26,21,15,9.4
2019,10,26,21,30,9.4
2019,10,26,21,45,9.4
2019,10,26,22,0,9.4
2019,10,26,22,15,9.2
2019,10,26,22,30,8.9
2019,10,26,22,45,8.9
2019,10,26,23,0,8.6
2019,10,26,23,15,8.7
2019,10,26,23,30,8.5
2019,10,26,23,45,8.4
2019,10,27,0,0,8.5
2019,10,27,0,15,8.1
2019,10,27,0,30,8.2
2019,10,27,0,45,8.1
2019,10,27,1,0,8
2019,10,27,1,15,8.6
2019,10,27,1,30,8.5
2019,10,27,1,45,8.6
2019,10,27,2,0,8.6
2019,10,27,2,15,8.6
2019,10,27,2,30,8.8
2019,10,27,2,45,9.1
2019,10,27,3,0,0
2019,10,27,3,15,4.6
2019,10,27,3,30,9.2
2019,10,27,3,45,9.3
2019,10,27,4,0,9.3
2019,10,27,4,15,9.3
2019,10,27,4,30,9.3
2019,10,27,4,45,9.3
2019,10,27,5,0,9.4
2019,10,27,5,15,9.7
2019,10,27,5,30,10.2
2019,10,27,5,45,10.3
2019,10,27,6,0,10.9
2019,10,27,6,15,10.4
2019,10,27,6,30,9.9
2019,10,27,6,45,9.1
2019,10,27,7,0,8
2019,10,27,7,15,7.3
2019,10,27,7,30,8.3
2019,10,27,7,45,8.2
2019,10,27,8,0,7.4
2019,10,27,8,15,7.1
2019,10,27,8,30,5.4
2019,10,27,8,45,5.5
2019,10,27,9,0,6.5
2019,10,27,9,15,7.1
2019,10,27,9,30,6.9
2019,10,27,9,45,7.1
2019,10,27,10,0,7.4
2019,10,27,10,15,8.1
2019,10,27,10,30,9.3
2019,10,27,10,45,9.9
2019,10,27,11,0,10
2019,10,27,11,15,10
2019,10,27,11,30,9.4
2019,10,27,11,45,9
2019,10,27,12,0,8.5
2019,10,27,12,15,8.1
2019,10,27,12,30,7.8
2019,10,27,12,45,7.2
2019,10,27,13,0,7
2019,10,27,13,15,6.1
2019,10,27,13,30,5.8
2019,10,27,13,45,5.4
2019,10,27,14,0,5
2019,10,27,14,15,5.1
2019,10,27,14,30,5.3
2019,10,27,14,45,5.9
2019,10,27,15,0,6.4
2019,10,27,15,15,7.2
2019,10,27,15,30,6.9
2019,10,27,15,45,6.1
2019,10,27,16,0,6.1
2019,10,27,16,15,5.9
2019,10,27,16,30,5.6
2019,10,27,16,45,5.8
2019,10,27,17,0,5
2019,10,27,17,15,4.3
2019,10,27,17,30,4.1
2019,10,27,17,45,3.6
2019,10,27,18,0,3.1
2019,10,27,18,15,2.9
2019,10,27,18,30,3
2019,10,27,18,45,4.7
2019,10,27,19,0,7.4
2019,10,27,19,15,9.4
2019,10,27,19,30,11.3
2019,10,27,19,45,11.5
2019,10,27,20,0,11.2
2019,10,27,20,15,11.3
2019,10,27,20,30,11.3
2019,10,27,20,45,11.6
2019,10,27,21,0,11.4
2019,10,27,21,15,11.3
2019,10,27,21,30,11.4
2019,10,27,21,45,11.2
2019,10,27,22,0,11.1
2019,10,27,22,15,11
2019,10,27,22,30,10.9
2019,10,27,22,45,10.6
2019,10,27,23,0,10.5
2019,10,27,23,15,10.3
2019,10,27,23,30,10.3
2019,10,27,23,45,10.6
2019,10,28,0,0,10.7
2019,10,28,0,15,10.6
2019,10,28,0,30,10.5
2019,10,28,0,45,10.7
2019,10,28,1,0,10.5
2019,10,28,1,15,10.7
2019,10,28,1,30,10.7
2019,10,28,1,45,10.7
2019,10,28,2,0,10.9
2019,10,28,2,15,11.1
2019,10,28,2,30,11.1
2019,10,28,2,45,11
2019,10,28,3,0,10.95
2019,10,28,3,15,10.95
2019,10,28,3,30,10.9
2019,10,28,3,45,10.9
2019,10,28,4,0,10.95
2019,10,28,4,15,10.95
2019,10,28,4,30,11
2019,10,28,4,45,11
2019,10,28,5,0,11
2019,10,28,5,15,11
2019,10,28,5,30,10.9
2019,10,28,5,45,10.8
2019,10,28,6,0,10.5
2019,10,28,6,15,9.8
2019,10,28,6,30,9.2
2019,10,28,6,45,8
2019,10,28,7,0,6.5
2019,10,28,7,15,5.2
2019,10,28,7,30,4.4
2019,10,28,7,45,4.1
2019,10,28,8,0,4.6
2019,10,28,8,15,6
2019,10,28,8,30,7.2
2019,10,28,8,45,8.4
2019,10,28,9,0,9.2
2019,10,28,9,15,9.4
2019,10,28,9,30,9.1
2019,10,28,9,45,8.2
2019,10,28,10,0,7.7
2019,10,28,10,15,6.8
2019,10,28,10,30,6.4
2019,10,28,10,45,6
2019,10,28,11,0,5.1
2019,10,28,11,15,4.6
2019,10,28,11,30,4.9
2019,10,28,11,45,6
2019,10,28,12,0,7.5
2019,10,28,12,15,8.7
2019,10,28,12,30,9
2019,10,28,12,45,9
2019,10,28,13,0,8.7
2019,10,28,13,15,8.5
2019,10,28,13,30,8
2019,10,28,13,45,7.7
2019,10,28,14,0,7.6
2019,10,28,14,15,7.4
2019,10,28,14,30,7.4
2019,10,28,14,45,8.2
2019,10,28,15,0,9.4
2019,10,28,15,15,10.7
2019,10,28,15,30,11.6
2019,10,28,15,45,11.4
2019,10,28,16,0,11.1
2019,10,28,16,15,10.5
2019,10,28,16,30,10.4
2019,10,28,16,45,10.2
2019,10,28,17,0,11.5
2019,10,28,17,15,16.4
2019,10,28,17,30,21.3
2019,10,28,17,45,24.1
2019,10,28,18,0,24
2019,10,28,18,15,19.9
2019,10,28,18,30,15.3
2019,10,28,18,45,13.2
2019,10,28,19,0,12.3
2019,10,28,19,15,12.1
2019,10,28,19,30,12.3
2019,10,28,19,45,12.4
2019,10,28,20,0,12.3
2019,10,28,20,15,12.6
2019,10,28,20,30,12.8
2019,10,28,20,45,13.3
2019,10,28,21,0,13.8
2019,10,28,21,15,13.8
2019,10,28,21,30,13.5
2019,10,28,21,45,13
2019,10,28,22,0,12.3
2019,10,28,22,15,11.8
2019,10,28,22,30,11.4
2019,10,28,22,45,11.2
2019,10,28,23,0,11
2019,10,28,23,15,11.1
2019,10,28,23,30,11.4
2019,10,28,23,45,11.3
2019,10,29,0,0,11.4
2019,10,29,0,15,11.4
2019,10,29,0,30,11.3
2019,10,29,0,45,11.5
2019,10,29,1,0,11.6
2019,10,29,1,15,11.4
2019,10,29,1,30,11.1
2019,10,29,1,45,11
2019,10,29,2,0,10.9
2019,10,29,2,15,11.2
2019,10,29,2,30,11.4
2019,10,29,2,45,11.5
2019,10,29,3,0,11.45
2019,10,29,3,15,11.45
2019,10,29,3,30,11.4
2019,10,29,3,45,11.3
2019,10,29,4,0,11.25
2019,10,29,4,15,11.25
2019,10,29,4,30,11.2
2019,10,29,4,45,11.2
2019,10,29,5,0,11.3
2019,10,29,5,15,11.7
2019,10,29,5,30,12
2019,10,29,5,45,12.3
2019,10,29,6,0,12.2
2019,10,29,6,15,11.7
2019,10,29,6,30,11
2019,10,29,6,45,9.8
2019,10,29,7,0,8.5
2019,10,29,7,15,7.3
2019,10,29,7,30,6.4
2019,10,29,7,45,6.2
2019,10,29,8,0,7
2019,10,29,8,15,7.6
2019,10,29,8,30,8.6
2019,10,29,8,45,8.6
2019,10,29,9,0,7.8
2019,10,29,9,15,7.2
2019,10,29,9,30,6.4
2019,10,29,9,45,6.2
2019,10,29,10,0,6.7
2019,10,29,10,15,7.2
2019,10,29,10,30,8.1
2019,10,29,10,45,8.5
2019,10,29,11,0,8.9
2019,10,29,11,15,9.1
2019,10,29,11,30,9.1
2019,10,29,11,45,9.5
2019,10,29,12,0,9.3
2019,10,29,12,15,9.1
2019,10,29,12,30,8.9
2019,10,29,12,45,8.8
2019,10,29,13,0,8.8
2019,10,29,13,15,8.5
2019,10,29,13,30,7.8
2019,10,29,13,45,7.1
2019,10,29,14,0,7.2
2019,10,29,14,15,7.9
2019,10,29,14,30,8.3
2019,10,29,14,45,9.2
2019,10,29,15,0,9.8
2019,10,29,15,15,10
2019,10,29,15,30,10.2
2019,10,29,15,45,9.8
2019,10,29,16,0,8.8
2019,10,29,16,15,8.1
2019,10,29,16,30,7.7
2019,10,29,16,45,7.3
2019,10,29,17,0,7.2
2019,10,29,17,15,7.1
2019,10,29,17,30,7.3
2019,10,29,17,45,7.2
2019,10,29,18,0,7.3
2019,10,29,18,15,7.2
2019,10,29,18,30,8.6
2019,10,29,18,45,10.1
2019,10,29,19,0,11.5
2019,10,29,19,15,13.4
2019,10,29,19,30,13.5
2019,10,29,19,45,14
2019,10,29,20,0,14.2
2019,10,29,20,15,14.1
2019,10,29,20,30,13.9
2019,10,29,20,45,14
2019,10,29,21,0,14.1
2019,10,29,21,15,14
2019,10,29,21,30,13.7
2019,10,29,21,45,13.2
2019,10,29,22,0,12.6
2019,10,29,22,15,12.5
2019,10,29,22,30,12.4
2019,10,29,22,45,12.3
2019,10,29,23,0,12.2
2019,10,29,23,15,12.1
2019,10,29,23,30,12.2
2019,10,29,23,45,12.1
2019,10,30,0,0,11.9
2019,10,30,0,15,11.6
2019,10,30,0,30,11.5
2019,10,30,0,45,11.4
2019,10,30,1,0,11.4
2019,10,30,1,15,11.4
2019,10,30,1,30,11.3
2019,10,30,1,45,11.5
2019,10,30,2,0,11.6
2019,10,30,2,15,11.8
2019,10,30,2,30,11.7
2019,10,30,2,45,11.6
2019,10,30,3,0,11.5
2019,10,30,3,15,11.5
2019,10,30,3,30,11.4
2019,10,30,3,45,11.3
2019,10,30,4,0,11.3
2019,10,30,4,15,11.3
2019,10,30,4,30,11.3
2019,10,30,4,45,11.4
2019,10,30,5,0,11.3
2019,10,30,5,15,11.5
2019,10,30,5,30,11.8
2019,10,30,5,45,12
2019,10,30,6,0,12
2019,10,30,6,15,11.6
2019,10,30,6,30,11
2019,10,30,6,45,10
2019,10,30,7,0,8.9
2019,10,30,7,15,8
2019,10,30,7,30,7.5
2019,10,30,7,45,7.5
2019,10,30,8,0,7.7
2019,10,30,8,15,7.5
2019,10,30,8,30,7.3
2019,10,30,8,45,7.3
2019,10,30,9,0,7.2
2019,10,30,9,15,7.9
2019,10,30,9,30,8.3
2019,10,30,9,45,8.5
2019,10,30,10,0,8.8
2019,10,30,10,15,8.7
2019,10,30,10,30,8.5
2019,10,30,10,45,8.1
2019,10,30,11,0,7.6
2019,10,30,11,15,7.6
2019,10,30,11,30,7.7
2019,10,30,11,45,8
2019,10,30,12,0,8.8
2019,10,30,12,15,8.7
2019,10,30,12,30,8.3
2019,10,30,12,45,7.6
2019,10,30,13,0,7
2019,10,30,13,15,6.6
2019,10,30,13,30,6.5
2019,10,30,13,45,6.4
2019,10,30,14,0,6.7
2019,10,30,14,15,7
2019,10,30,14,30,7.8
2019,10,30,14,45,7.9
2019,10,30,15,0,7.5
2019,10,30,15,15,7.2
2019,10,30,15,30,6.4
2019,10,30,15,45,6.3
2019,10,30,16,0,6.2
2019,10,30,16,15,6
2019,10,30,16,30,6.6
2019,10,30,16,45,6.8
2019,10,30,17,0,6.8
2019,10,30,17,15,7
2019,10,30,17,30,6.5
2019,10,30,17,45,6.6
2019,10,30,18,0,6.4
2019,10,30,18,15,6.3
2019,10,30,18,30,6.2
2019,10,30,18,45,6.1
2019,10,30,19,0,6.2
2019,10,30,19,15,6.2
2019,10,30,19,30,6
2019,10,30,19,45,6.8
2019,10,30,20,0,8
2019,10,30,20,15,9.4
2019,10,30,20,30,10.8
2019,10,30,20,45,11
2019,10,30,21,0,11.1
2019,10,30,21,15,11.1
2019,10,30,21,30,10.8
2019,10,30,21,45,10.4
2019,10,30,22,0,9.8
2019,10,30,22,15,9.3
2019,10,30,22,30,9.3
2019,10,30,22,45,9.3
2019,10,30,23,0,9.4
2019,10,30,23,15,9.2
2019,10,30,23,30,9.1
2019,10,30,23,45,9.2
2019,10,31,0,0,9
2019,10,31,0,15,8.7
2019,10,31,0,30,8.7
2019,10,31,0,45,8.6
2019,10,31,1,0,8.8
2019,10,31,1,15,8.8
2019,10,31,1,30,8.7
2019,10,31,1,45,8.6
2019,10,31,2,0,8.6
2019,10,31,2,15,8.7
2019,10,31,2,30,8.8
2019,10,31,2,45,8.9
2019,10,31,3,0,8.9
2019,10,31,3,15,8.95
2019,10,31,3,30,9
2019,10,31,3,45,8.7
2019,10,31,4,0,8.8
2019,10,31,4,15,8.85
2019,10,31,4,30,8.9
2019,10,31,4,45,9
2019,10,31,5,0,8.9
2019,10,31,5,15,9
2019,10,31,5,30,9
2019,10,31,5,45,9.1
2019,10,31,6,0,9
2019,10,31,6,15,9
2019,10,31,6,30,9.3
2019,10,31,6,45,9.8
2019,10,31,7,0,10.3
2019,10,31,7,15,10.5
2019,10,31,7,30,9.5
2019,10,31,7,45,8.2
2019,10,31,8,0,7.1
2019,10,31,8,15,6.1
2019,10,31,8,30,6.7
2019,10,31,8,45,6.9
2019,10,31,9,0,7.1
2019,10,31,9,15,7
2019,10,31,9,30,7.2
2019,10,31,9,45,8.2
2019,10,31,10,0,8.7
2019,10,31,10,15,9.6
2019,10,31,10,30,9.3
2019,10,31,10,45,8.5
2019,10,31,11,0,8.1
2019,10,31,11,15,7.6
2019,10,31,11,30,7.4
2019,10,31,11,45,7.8
2019,10,31,12,0,8.2
2019,10,31,12,15,8.4
2019,10,31,12,30,8.5
2019,10,31,12,45,8.7
2019,10,31,13,0,9
2019,10,31,13,15,9
2019,10,31,13,30,9
2019,10,31,13,45,8.3
2019,10,31,14,0,7.2
2019,10,31,14,15,6.6
2019,10,31,14,30,6.2
2019,10,31,14,45,6
2019,10,31,15,0,6.5
2019,10,31,15,15,7.6
2019,10,31,15,30,8.3
2019,10,31,15,45,11.6
2019,10,31,16,0,14.3
2019,10,31,16,15,14.3
2019,10,31,16,30,14.9
2019,10,31,16,45,13.1
2019,10,31,17,0,12.1
2019,10,31,17,15,12.5
2019,10,31,17,30,13.1
2019,10,31,17,45,13.4
2019,10,31,18,0,13.2
2019,10,31,18,15,13.2
2019,10,31,18,30,12.7
2019,10,31,18,45,12.1
2019,10,31,19,0,11.4
2019,10,31,19,15,10.8
2019,10,31,19,30,10.6
2019,10,31,19,45,10.8
2019,10,31,20,0,11
2019,10,31,20,15,11.2
2019,10,31,20,30,11.2
2019,10,31,20,45,10.9
2019,10,31,21,0,10.7
2019,10,31,21,15,10.8
2019,10,31,21,30,10.6
2019,10,31,21,45,10.4
2019,10,31,22,0,10
2019,10,31,22,15,10
2019,10,31,22,30,9.9
2019,10,31,22,45,10.2
2019,10,31,23,0,10.1
2019,10,31,23,15,9.9
2019,10,31,23,30,9.9
2019,10,31,23,45,9.8
2019,11,1,0,0,10.3
2019,11,1,0,15,10.1
2019,11,1,0,30,10.1
2019,11,1,0,45,9.9
2019,11,1,1,0,10
2019,11,1,1,15,10.2
2019,11,1,1,30,10.4
2019,11,1,1,45,10.5
2019,11,1,2,0,10.3
2019,11,1,2,15,10
2019,11,1,2,30,10.3
2019,11,1,2,45,10.6
2019,11,1,3,0,10.9
2019,11,1,3,15,11.15
2019,11,1,3,31,11.15
2019,11,1,3,45,11.4
2019,11,1,4,0,11.2
2019,11,1,4,15,11.25
2019,11,1,4,30,11.25
2019,11,1,4,45,11.3
2019,11,1,5,0,11.6
2019,11,1,5,15,11.6
2019,11,1,5,30,11.7
2019,11,1,5,45,11.9
2019,11,1,6,0,11.7
2019,11,1,6,15,11.5
2019,11,1,6,30,10.8
2019,11,1,6,45,10.3
2019,11,1,7,0,9.7
2019,11,1,7,15,9.2
2019,11,1,7,30,9.1
2019,11,1,7,45,9.4
2019,11,1,8,0,9.9
2019,11,1,8,15,9.9
2019,11,1,8,30,9.5
2019,11,1,8,45,8.5
2019,11,1,9,0,7.7
2019,11,1,9,15,7.2
2019,11,1,9,30,6.9
2019,11,1,9,45,6.5
2019,11,1,10,0,5.9
2019,11,1,10,15,5.4
2019,11,1,10,30,5.5
2019,11,1,10,45,5.7
2019,11,1,11,0,5.8
2019,11,1,11,15,6.3
2019,11,1,11,30,6.1
2019,11,1,11,45,6.3
2019,11,1,12,0,6.5
2019,11,1,12,15,6.6
2019,11,1,12,30,6.8
2019,11,1,12,45,6.7
2019,11,1,13,0,6.6
2019,11,1,13,15,6.3
2019,11,1,13,30,6.3
2019,11,1,13,45,6.6
2019,11,1,14,0,7
2019,11,1,14,15,7.3
2019,11,1,14,30,7.8
2019,11,1,14,45,11.4
2019,11,1,15,0,15.5
2019,11,1,15,15,19.8
2019,11,1,15,30,23.8
2019,11,1,15,45,21.3
2019,11,1,16,0,18
2019,11,1,16,15,14.8
2019,11,1,16,30,11.6
2019,11,1,16,45,11.3
2019,11,1,17,0,11.4
2019,11,1,17,15,10.9
2019,11,1,17,30,10.9
2019,11,1,17,45,10.9
2019,11,1,18,0,11.1
2019,11,1,18,15,11.7
2019,11,1,18,30,11.6
2019,11,1,18,45,11.4
2019,11,1,19,0,10.9
2019,11,1,19,15,10.6
2019,11,1,19,30,10.7
2019,11,1,19,45,10.9
2019,11,1,20,0,11.4
2019,11,1,20,15,11.6
2019,11,1,20,30,11.7
2019,11,1,20,45,11.7
2019,11,1,21,0,11.4
2019,11,1,21,15,11
2019,11,1,21,30,10.7
2019,11,1,21,45,10.3
2019,11,1,22,0,10.1
2019,11,1,22,15,10.4
2019,11,1,22,30,10.2
2019,11,1,22,45,10.2
2019,11,1,23,0,10.2
2019,11,1,23,15,9.9
2019,11,1,23,30,10
2019,11,1,23,45,10.1
2019,11,2,0,0,9.9
2019,11,2,0,15,10
2019,11,2,0,30,9.9
2019,11,2,0,45,10
2019,11,2,1,0,10.1
2019,11,2,1,15,10.3
2019,11,2,1,30,10.9
2019,11,2,1,45,11.1
2019,11,2,2,0,11.1
2019,11,2,2,15,10.9
2019,11,2,2,30,10.5
2019,11,2,2,45,10.3
2019,11,2,3,0,10.25
2019,11,2,3,15,10.25
2019,11,2,3,30,10.2
2019,11,2,3,45,10.2
2019,11,2,4,0,10.15
2019,11,2,4,15,10.15
2019,11,2,4,30,10.1
2019,11,2,4,45,9.9
2019,11,2,5,0,10.2
2019,11,2,5,15,10.1
2019,11,2,5,30,10.1
2019,11,2,5,45,10.1
2019,11,2,6,0,10.1
2019,11,2,6,15,10.4
2019,11,2,6,30,10.5
2019,11,2,6,45,10.4
2019,11,2,7,0,9.8
2019,11,2,7,15,9.1
2019,11,2,7,30,8.5
2019,11,2,7,45,8.2
2019,11,2,8,0,10
2019,11,2,8,15,13.7
2019,11,2,8,30,17.4
2019,11,2,8,45,21.2
2019,11,2,9,0,21.4
2019,11,2,9,15,18.1
2019,11,2,9,30,14.5
2019,11,2,9,45,11.3
2019,11,2,10,0,9.4
2019,11,2,10,15,9.3
2019,11,2,10,30,9
2019,11,2,10,45,8.6
2019,11,2,11,0,8.2
2019,11,2,11,15,8.2
2019,11,2,11,30,8.3
2019,11,2,11,45,8.6
2019,11,2,12,0,9
2019,11,2,12,15,8.9
2019,11,2,12,30,9
2019,11,2,12,45,9
2019,11,2,13,0,9
2019,11,2,13,15,9.2
2019,11,2,13,30,9.1
2019,11,2,13,45,9
2019,11,2,14,0,9.4
2019,11,2,14,15,13
2019,11,2,14,30,16.7
2019,11,2,14,45,20.3
2019,11,2,15,0,22.9
2019,11,2,15,15,19.3
2019,11,2,15,30,16.3
2019,11,2,15,45,13.9
2019,11,2,16,0,15.1
2019,11,2,16,16,18.7
2019,11,2,16,30,20
2019,11,2,16,45,20
2019,11,2,17,0,16.1
2019,11,2,17,15,12.8
2019,11,2,17,30,11.4
2019,11,2,17,45,10.3
2019,11,2,18,0,10.1
2019,11,2,18,15,10.1
2019,11,2,18,30,9.8
2019,11,2,18,45,10
2019,11,2,19,1,10.6
2019,11,2,19,15,10.4
2019,11,2,19,30,10.3
2019,11,2,19,45,10.4
2019,11,2,20,0,10.2
2019,11,2,20,15,10.5
2019,11,2,20,30,10.4
2019,11,2,20,45,10.1
2019,11,2,21,0,10
2019,11,2,21,15,9.8
2019,11,2,21,30,9.7
2019,11,2,21,45,9.6
2019,11,2,22,0,9.3
2019,11,2,22,15,9.5
2019,11,2,22,30,9.6
2019,11,2,22,45,9.5
2019,11,2,23,0,9.7
2019,11,2,23,15,9.5
2019,11,2,23,30,9.5
2019,11,2,23,45,9.6
2019,11,3,0,0,9.4
2019,11,3,0,15,9.2
2019,11,3,0,30,9.3
2019,11,3,0,45,9.5
2019,11,3,1,0,10.1
2019,11,3,1,15,10.8
2019,11,3,1,30,11.1
2019,11,3,1,45,11
2019,11,3,2,0,10.7
2019,11,3,2,15,10.4
2019,11,3,2,30,10.2
2019,11,3,2,45,10.4
2019,11,3,3,0,10.4
2019,11,3,3,15,10.35
2019,11,3,3,30,10.3
2019,11,3,3,45,10.4
2019,11,3,4,0,10.2
2019,11,3,4,15,10.3
2019,11,3,4,30,10.4
2019,11,3,4,45,10.2
2019,11,3,5,0,10.4
2019,11,3,5,15,10.4
2019,11,3,5,30,10.4
2019,11,3,5,45,10.4
2019,11,3,6,0,10.4
2019,11,3,6,15,10.3
2019,11,3,6,30,10.3
2019,11,3,6,45,9.9
2019,11,3,7,0,9.4
2019,11,3,7,15,10.4
2019,11,3,7,30,13.5
2019,11,3,7,45,17.4
2019,11,3,8,0,21
2019,11,3,8,15,21.3
2019,11,3,8,30,17.3
2019,11,3,8,45,13.2
2019,11,3,9,0,9.2
2019,11,3,9,15,6.8
2019,11,3,9,30,6.9
2019,11,3,9,45,6.8
2019,11,3,10,0,8.3
2019,11,3,10,15,8.4
2019,11,3,10,30,8.6
2019,11,3,10,45,8.4
2019,11,3,11,0,7
2019,11,3,11,15,7.3
2019,11,3,11,30,7.8
2019,11,3,11,45,7.8
2019,11,3,12,0,7.9
2019,11,3,12,15,7.4
2019,11,3,12,30,6.9
2019,11,3,12,45,7
2019,11,3,13,0,6.5
2019,11,3,13,15,6.4
2019,11,3,13,30,5.9
2019,11,3,13,45,5.5
2019,11,3,14,0,6
2019,11,3,14,15,6.5
2019,11,3,14,30,7.1
2019,11,3,14,45,8
2019,11,3,15,0,8.1
2019,11,3,15,15,12.1
2019,11,3,15,30,16.3
2019,11,3,15,45,20.2
2019,11,3,16,0,24.4
2019,11,3,16,15,21.5
2019,11,3,16,30,18.1
2019,11,3,16,45,14.8
2019,11,3,17,0,11.7
2019,11,3,17,15,12.2
2019,11,3,17,30,12.5
2019,11,3,17,45,12.9
2019,11,3,18,0,13.2
2019,11,3,18,15,13.9
2019,11,3,18,30,17.9
2019,11,3,18,45,21.3
2019,11,3,19,0,24.4
2019,11,3,19,15,25.8
2019,11,3,19,30,21.5
2019,11,3,19,45,17.8
2019,11,3,20,0,14.3
2019,11,3,20,15,11.7
2019,11,3,20,30,11.6
2019,11,3,20,45,11.4
2019,11,3,21,0,11.1
2019,11,3,21,15,10.9
2019,11,3,21,30,11.1
2019,11,3,21,45,11.2
2019,11,3,22,0,11.2
2019,11,3,22,15,11.3
2019,11,3,22,30,11.2
2019,11,3,22,45,11
2019,11,3,23,0,11.2
2019,11,3,23,15,11.3
2019,11,3,23,30,11.3
2019,11,3,23,45,11.4
2019,11,4,0,0,11.4
2019,11,4,0,15,11.1
2019,11,4,0,30,11.5
2019,11,4,0,45,11.6
2019,11,4,1,0,11.6
2019,11,4,1,15,11.5
2019,11,4,1,30,11.5
2019,11,4,1,45,11.5
2019,11,4,2,0,11.4
2019,11,4,2,15,11.6
2019,11,4,2,30,11.7
2019,11,4,2,45,11.6
2019,11,4,3,0,11.65
2019,11,4,3,15,11.65
2019,11,4,3,30,11.7
2019,11,4,3,45,11.8
2019,11,4,4,0,11.8
2019,11,4,4,15,11.8
2019,11,4,4,30,11.8
2019,11,4,4,45,11.7
2019,11,4,5,0,11.7
2019,11,4,5,15,11.9
2019,11,4,5,30,12
2019,11,4,5,45,12.2
2019,11,4,6,0,12.1
2019,11,4,6,15,12.1
2019,11,4,6,30,12
2019,11,4,6,45,11.9
2019,11,4,7,0,12
2019,11,4,7,15,12
2019,11,4,7,30,11.8
2019,11,4,7,45,12.1
2019,11,4,8,0,11.8
2019,11,4,8,15,11.5
2019,11,4,8,30,11.3
2019,11,4,8,45,10.5
2019,11,4,9,0,10.2
2019,11,4,9,15,9.4
2019,11,4,9,30,9.1
2019,11,4,9,45,9.1
2019,11,4,10,0,9.1
2019,11,4,10,15,9.3
2019,11,4,10,30,8.9
2019,11,4,10,45,8.8
2019,11,4,11,0,8.4
2019,11,4,11,15,8.3
2019,11,4,11,30,8.4
2019,11,4,11,45,8.3
2019,11,4,12,0,8
2019,11,4,12,15,7.6
2019,11,4,12,30,7.3
2019,11,4,12,45,6.9
2019,11,4,13,0,7.4
2019,11,4,13,15,8.2
2019,11,4,13,30,9
2019,11,4,13,45,9.4
2019,11,4,14,0,9
2019,11,4,14,15,8.2
2019,11,4,14,30,7.6
2019,11,4,14,45,7.6
2019,11,4,15,0,10.9
2019,11,4,15,15,15
2019,11,4,15,30,18.8
2019,11,4,15,45,22.7
2019,11,4,16,0,21.3
2019,11,4,16,15,18.2
2019,11,4,16,30,15.2
2019,11,4,16,45,12
2019,11,4,17,0,11.6
2019,11,4,17,15,12.1
2019,11,4,17,30,12.7
2019,11,4,17,45,13.1
2019,11,4,18,0,13.5
2019,11,4,18,15,14.2
2019,11,4,18,30,14.6
2019,11,4,18,45,14.6
2019,11,4,19,0,14.6
2019,11,4,19,15,13.8
2019,11,4,19,30,13.5
2019,11,4,19,45,13.4
2019,11,4,20,0,13.3
2019,11,4,20,15,13.4
2019,11,4,20,30,13.3
2019,11,4,20,45,13.1
2019,11,4,21,0,12.8
2019,11,4,21,15,12.7
2019,11,4,21,30,12.6
2019,11,4,21,45,12.4
2019,11,4,22,0,12.4
2019,11,4,22,15,12.2
2019,11,4,22,30,11.9
2019,11,4,22,45,12.1
2019,11,4,23,0,11.9
2019,11,4,23,15,11.9
2019,11,4,23,30,12.1
2019,11,4,23,45,12.2
2019,11,5,0,0,12.4
2019,11,5,0,15,12.6
2019,11,5,0,30,12.2
2019,11,5,0,45,12.1
2019,11,5,1,0,12
2019,11,5,1,15,11.8
2019,11,5,1,30,11.8
2019,11,5,1,45,11.9
2019,11,5,2,0,12
2019,11,5,2,15,12.2
2019,11,5,2,30,12.5
2019,11,5,2,45,12.7
2019,11,5,3,0,12.5
2019,11,5,3,15,12.6
2019,11,5,3,30,12.7
2019,11,5,3,45,12.3
2019,11,5,4,0,12.6
2019,11,5,4,15,12.45
2019,11,5,4,30,12.3
2019,11,5,4,45,12.6
2019,11,5,5,0,12.4
2019,11,5,5,15,12.6
2019,11,5,5,30,12.8
2019,11,5,5,45,12.7
2019,11,5,6,0,12.8
2019,11,5,6,15,13
2019,11,5,6,30,12.6
2019,11,5,6,45,12.8
2019,11,5,7,0,12.5
2019,11,5,7,15,12.1
2019,11,5,7,30,11.9
2019,11,5,7,45,11.6
2019,11,5,8,0,11.4
2019,11,5,8,15,11.1
2019,11,5,8,30,10.4
2019,11,5,8,45,9.6
2019,11,5,9,0,12.4
2019,11,5,9,15,15.3
2019,11,5,9,30,18.4
2019,11,5,9,45,22
2019,11,5,10,0,18.8
2019,11,5,10,15,15.4
2019,11,5,10,30,12.5
2019,11,5,10,45,9.1
2019,11,5,11,0,8.8
2019,11,5,11,15,8.8
2019,11,5,11,30,8.4
2019,11,5,11,45,7.9
2019,11,5,12,0,8
2019,11,5,12,15,8
2019,11,5,12,30,8.3
2019,11,5,12,45,8.4
2019,11,5,13,0,8.5
2019,11,5,13,15,8.8
2019,11,5,13,30,8.9
2019,11,5,13,45,9.5
2019,11,5,14,0,10.6
2019,11,5,14,15,11.3
2019,11,5,14,30,12.1
2019,11,5,14,45,13
2019,11,5,15,0,16.7
2019,11,5,15,15,20.5
2019,11,5,15,30,24.8
2019,11,5,15,45,28.7
2019,11,5,16,0,25.5
2019,11,5,16,15,21.4
2019,11,5,16,30,17.3
2019,11,5,16,45,13
2019,11,5,17,0,12.3
2019,11,5,17,15,12.6
2019,11,5,17,30,12.4
2019,11,5,17,45,12.2
2019,11,5,18,0,12.4
2019,11,5,18,15,12.4
2019,11,5,18,30,12.2
2019,11,5,18,45,12.5
2019,11,5,19,0,12.5
2019,11,5,19,15,12
2019,11,5,19,30,12.3
2019,11,5,19,45,12.3
2019,11,5,20,0,11.8
2019,11,5,20,15,12
2019,11,5,20,30,11.7
2019,11,5,20,45,11.3
2019,11,5,21,0,11.2
2019,11,5,21,15,11.2
2019,11,5,21,30,11.1
2019,11,5,21,45,11.1
2019,11,5,22,0,11.2
2019,11,5,22,15,11.5
2019,11,5,22,30,11.4
2019,11,5,22,45,11.3
2019,11,5,23,0,11.5
2019,11,5,23,15,9.5
2019,11,5,23,30,11
2019,11,5,23,45,11.2
2019,11,6,0,0,10.8
2019,11,6,0,15,12.3
2019,11,6,0,30,10.7
2019,11,6,0,45,10.7
2019,11,6,1,0,10.5
2019,11,6,1,15,10.7
2019,11,6,1,30,10.7
2019,11,6,1,45,10.5
2019,11,6,2,0,10.7
2019,11,6,2,15,10.6
2019,11,6,2,30,10.5
2019,11,6,2,45,10.5
2019,11,6,3,0,10.55
2019,11,6,3,15,10.55
2019,11,6,3,30,10.6
2019,11,6,3,45,7.9
2019,11,6,4,0,9.55
2019,11,6,4,15,9.55
2019,11,6,4,30,11.2
2019,11,6,4,45,14.3
2019,11,6,5,0,12
2019,11,6,5,15,12.7
2019,11,6,5,30,12.7
2019,11,6,5,45,12.7
2019,11,6,6,0,13.1
2019,11,6,6,15,12.9
2019,11,6,6,30,12.9
2019,11,6,6,45,13
2019,11,6,7,0,16.2
2019,11,6,7,15,19.4
2019,11,6,7,30,22.9
2019,11,6,7,45,25.9
2019,11,6,8,0,22
2019,11,6,8,15,18.4
2019,11,6,8,30,14.6
2019,11,6,8,45,11.1
2019,11,6,9,0,10.9
2019,11,6,9,15,10.5
2019,11,6,9,30,9.8
2019,11,6,9,45,9.6
2019,11,6,10,0,9.3
2019,11,6,10,15,9.1
2019,11,6,10,30,9
2019,11,6,10,45,8.9
2019,11,6,11,0,8.9
2019,11,6,11,15,9.1
2019,11,6,11,30,9
2019,11,6,11,45,9.1
2019,11,6,12,0,9.1
2019,11,6,12,15,8.9
2019,11,6,12,30,9
2019,11,6,12,45,8.5
2019,11,6,13,0,8.4
2019,11,6,13,15,8.5
2019,11,6,13,30,8.4
2019,11,6,13,45,8.7
2019,11,6,14,0,8.7
2019,11,6,14,15,8.7
2019,11,6,14,30,8.9
2019,11,6,14,45,8.8
2019,11,6,15,0,9.6
2019,11,6,15,15,10.2
2019,11,6,15,30,10.9
2019,11,6,15,45,12.2
2019,11,6,16,0,13.5
2019,11,6,16,15,14.3
2019,11,6,16,30,15.3
2019,11,6,16,45,16.1
2019,11,6,17,0,16
2019,11,6,17,15,15.8
2019,11,6,17,30,15.7
2019,11,6,17,45,14.6
2019,11,6,18,0,13.7
2019,11,6,18,15,13.5
2019,11,6,18,30,13.1
2019,11,6,18,45,13
2019,11,6,19,0,13.2
2019,11,6,19,15,12.9
2019,11,6,19,30,12.4
2019,11,6,19,45,12.3
2019,11,6,20,0,11.7
2019,11,6,20,15,11.7
2019,11,6,20,30,11.8
2019,11,6,20,45,11.8
2019,11,6,21,0,11.8
2019,11,6,21,15,11.9
2019,11,6,21,30,11.7
2019,11,6,21,45,11.7
2019,11,6,22,0,11.8
2019,11,6,22,15,11.8
2019,11,6,22,30,11.8
2019,11,6,22,45,12
2019,11,6,23,0,11.8
2019,11,6,23,15,11.8
2019,11,6,23,30,12
2019,11,6,23,45,11.8
2019,11,7,0,0,12
2019,11,7,0,15,11.8
2019,11,7,0,30,12.1
2019,11,7,0,45,12.1
2019,11,7,1,0,12.6
2019,11,7,1,15,13
2019,11,7,1,30,12.9
2019,11,7,1,45,12.9
2019,11,7,2,0,12.9
2019,11,7,2,15,12.6
2019,11,7,2,30,12.6
2019,11,7,2,45,12.5
2019,11,7,3,0,12.05
2019,11,7,3,15,12.05
2019,11,7,3,30,11.6
2019,11,7,3,45,11.6
2019,11,7,4,0,11.7
2019,11,7,4,15,11.7
2019,11,7,4,30,11.8
2019,11,7,4,45,11.8
2019,11,7,5,0,11.8
2019,11,7,5,15,11.9
2019,11,7,5,30,12.1
2019,11,7,5,45,12.3
2019,11,7,6,0,12.2
2019,11,7,6,15,12.4
2019,11,7,6,30,12.2
2019,11,7,6,45,11.8
2019,11,7,7,0,11.4
2019,11,7,7,15,11.1
2019,11,7,7,30,10.3
2019,11,7,7,45,10.1
2019,11,7,8,0,9.6
2019,11,7,8,15,9
2019,11,7,8,30,8.3
2019,11,7,8,45,6.9
2019,11,7,9,0,5.7
2019,11,7,9,15,4.5
2019,11,7,9,30,4.5
2019,11,7,9,45,4.8
2019,11,7,10,0,5
2019,11,7,10,15,5.4
2019,11,7,10,30,5.3
2019,11,7,10,45,5
2019,11,7,11,0,4.9
2019,11,7,11,15,4.4
2019,11,7,11,30,3.6
2019,11,7,11,45,3.4
2019,11,7,12,0,3.2
2019,11,7,12,15,3.2
2019,11,7,12,30,3.4
2019,11,7,12,45,3.3
2019,11,7,13,0,3.4
2019,11,7,13,15,3.3
2019,11,7,13,30,3
2019,11,7,13,45,3.5
2019,11,7,14,0,4.1
2019,11,7,14,15,4.7
2019,11,7,14,30,5.65
2019,11,7,14,45,6.6
2019,11,7,15,0,10.5
2019,11,7,15,15,14.9
2019,11,7,15,30,19.6
2019,11,7,15,45,24.3
2019,11,7,16,0,22.7
2019,11,7,16,15,20.5
2019,11,7,16,30,17.5
2019,11,7,16,45,13.9
2019,11,7,17,0,13.6
2019,11,7,17,15,13.2
2019,11,7,17,30,13
2019,11,7,17,45,12.9
2019,11,7,18,0,12.7
2019,11,7,18,15,12.6
2019,11,7,18,30,12.4
2019,11,7,18,45,12.3
2019,11,7,19,0,12
2019,11,7,19,15,11.5
2019,11,7,19,30,11.6
2019,11,7,19,45,11.4
2019,11,7,20,0,11.4
2019,11,7,20,15,11.6
2019,11,7,20,30,11.6
2019,11,7,20,45,11.3
2019,11,7,21,0,11.2
2019,11,7,21,15,11.1
2019,11,7,21,30,11.1
2019,11,7,21,45,11.3
2019,11,7,22,0,11.1
2019,11,7,22,15,11.4
2019,11,7,22,30,11.1
2019,11,7,22,45,11
2019,11,7,23,0,11.1
2019,11,7,23,15,11
2019,11,7,23,30,10.8
2019,11,7,23,45,10.9
2019,11,8,0,0,10.9
2019,11,8,0,15,10.9
2019,11,8,0,30,10.8
2019,11,8,0,45,10.8
2019,11,8,1,0,10.8
2019,11,8,1,15,10.6
2019,11,8,1,30,10.8
2019,11,8,1,45,10.8
2019,11,8,2,0,10.7
2019,11,8,2,15,10.8
2019,11,8,2,30,10.8
2019,11,8,2,45,10.7
2019,11,8,3,0,10.7
2019,11,8,3,15,10.7
2019,11,8,3,30,10.7
2019,11,8,3,45,10.7
2019,11,8,4,0,10.7
2019,11,8,4,15,10.7
2019,11,8,4,30,10.7
2019,11,8,4,45,10.7
2019,11,8,5,0,10.3
2019,11,8,5,15,10.7
2019,11,8,5,30,10.7
2019,11,8,5,45,10.6
2019,11,8,6,0,10.8
2019,11,8,6,15,10.7
2019,11,8,6,30,10.5
2019,11,8,6,45,10.2
2019,11,8,7,0,9.6
2019,11,8,7,15,9
2019,11,8,7,30,8.5
2019,11,8,7,45,7.9
2019,11,8,8,0,7.4
2019,11,8,8,15,6.3
2019,11,8,8,30,5.2
2019,11,8,8,45,4.5
2019,11,8,9,0,3.7
2019,11,8,9,15,3.8
2019,11,8,9,30,4.1
2019,11,8,9,45,4
2019,11,8,10,0,4.1
2019,11,8,10,15,3.5
2019,11,8,10,30,4
2019,11,8,10,45,4.9
2019,11,8,11,0,5.1
2019,11,8,11,15,5.5
2019,11,8,11,30,5
2019,11,8,11,45,4.1
2019,11,8,12,0,4.4
2019,11,8,12,15,4.4
2019,11,8,12,30,4.3
2019,11,8,12,45,4.4
2019,11,8,13,0,4.1
2019,11,8,13,15,4.3
2019,11,8,13,30,4.1
2019,11,8,13,45,4
2019,11,8,14,0,4.1
2019,11,8,14,15,3.6
2019,11,8,14,30,3.9
2019,11,8,14,45,4.8
2019,11,8,15,0,8.9
2019,11,8,15,15,13.7
2019,11,8,15,30,18.6
2019,11,8,15,45,22.8
2019,11,8,16,0,20.9
2019,11,8,16,15,18.2
2019,11,8,16,30,15
2019,11,8,16,45,12.1
2019,11,8,17,0,12.1
2019,11,8,17,15,12.5
2019,11,8,17,30,12.8
2019,11,8,17,45,12.7
2019,11,8,18,0,12.6
2019,11,8,18,15,12.1
2019,11,8,18,30,11.5
2019,11,8,18,45,11.25
2019,11,8,19,0,11
2019,11,8,19,15,10.7
2019,11,8,19,30,10.8
2019,11,8,19,45,10.7
2019,11,8,20,0,10.6
2019,11,8,20,15,10.9
2019,11,8,20,30,10.9
2019,11,8,20,45,10.7
2019,11,8,21,0,10.9
2019,11,8,21,15,11.1
2019,11,8,21,30,11
2019,11,8,21,45,11.2
2019,11,8,22,0,11.4
2019,11,8,22,15,11.5
2019,11,8,22,30,12
2019,11,8,22,45,11.9
2019,11,8,23,0,11.6
2019,11,8,23,15,11.5
2019,11,8,23,30,11.3
2019,11,8,23,45,11.3
2019,11,9,0,0,11.3
2019,11,9,0,15,11.3
2019,11,9,0,30,11.2
2019,11,9,0,45,11.3
2019,11,9,1,0,11.4
2019,11,9,1,15,11.1
2019,11,9,1,30,11.1
2019,11,9,1,45,11.3
2019,11,9,2,0,10.9
2019,11,9,2,15,11
2019,11,9,2,30,11.2
2019,11,9,2,45,10.8
2019,11,9,3,0,10.95
2019,11,9,3,15,10.95
2019,11,9,3,30,11.1
2019,11,9,3,45,11.1
2019,11,9,4,0,11.05
2019,11,9,4,15,11.05
2019,11,9,4,30,11
2019,11,9,4,45,11.3
2019,11,9,5,0,11.2
2019,11,9,5,15,11.3
2019,11,9,5,30,11
2019,11,9,5,45,11.3
2019,11,9,6,0,11.1
2019,11,9,6,15,11.1
2019,11,9,6,30,11.3
2019,11,9,6,45,10.9
2019,11,9,7,0,10.3
2019,11,9,7,15,10
2019,11,9,7,30,9.8
2019,11,9,7,45,9.5
2019,11,9,8,0,11.5
2019,11,9,8,15,14.7
2019,11,9,8,30,17.7
2019,11,9,8,45,21
2019,11,9,9,0,19.4
2019,11,9,9,15,15.6
2019,11,9,9,30,12.2
2019,11,9,9,45,8.5
2019,11,9,10,0,7.6
2019,11,9,10,15,7.4
2019,11,9,10,30,6.4
2019,11,9,10,45,5.7
2019,11,9,11,0,5.3
2019,11,9,11,15,4.5
2019,11,9,11,30,4.4
2019,11,9,11,45,4.2
2019,11,9,12,0,3.9
2019,11,9,12,15,4.1
2019,11,9,12,30,3.9
2019,11,9,12,45,3.7
2019,11,9,13,0,3.7
2019,11,9,13,15,3.6
2019,11,9,13,30,4.4
2019,11,9,13,45,4.6
2019,11,9,14,0,5.1
2019,11,9,14,15,7.3
2019,11,9,14,30,10.8
2019,11,9,14,45,15.1
2019,11,9,15,0,19.4
2019,11,9,15,15,19.9
2019,11,9,15,30,16.9
2019,11,9,15,45,13.8
2019,11,9,16,0,10.8
2019,11,9,16,15,9.9
2019,11,9,16,30,10.5
2019,11,9,16,45,10.8
2019,11,9,17,0,10.9
2019,11,9,17,15,10.7
2019,11,9,17,30,10.7
2019,11,9,17,45,11.1
2019,11,9,18,0,11.3
2019,11,9,18,15,11.3
2019,11,9,18,30,11.4
2019,11,9,18,45,10.8
2019,11,9,19,0,10.3
2019,11,9,19,15,10
2019,11,9,19,30,9.7
2019,11,9,19,45,10
2019,11,9,20,0,10.2
2019,11,9,20,15,10.4
2019,11,9,20,30,10.8
2019,11,9,20,45,10.6
2019,11,9,21,0,10.5
2019,11,9,21,15,10.6
2019,11,9,21,30,10.2
2019,11,9,21,45,9.9
2019,11,9,22,0,9.9
2019,11,9,22,15,9.8
2019,11,9,22,30,9.5
2019,11,9,22,45,9.7
2019,11,9,23,0,9.5
2019,11,9,23,15,9.2
2019,11,9,23,30,9.2
2019,11,9,23,45,9.5
2019,11,10,0,0,9.3
2019,11,10,0,15,9.5
2019,11,10,0,30,9.8
2019,11,10,0,45,9.5
2019,11,10,1,0,9.6
2019,11,10,1,15,9.6
2019,11,10,1,30,9.3
2019,11,10,1,45,9.5
2019,11,10,2,0,9.8
2019,11,10,2,15,9.7
2019,11,10,2,30,9.8
2019,11,10,2,45,9.8
2019,11,10,3,0,9.8
2019,11,10,3,15,9.8
2019,11,10,3,30,9.8
2019,11,10,3,45,9.7
2019,11,10,4,0,9.75
2019,11,10,4,15,9.75
2019,11,10,4,30,9.8
2019,11,10,4,45,9.7
2019,11,10,5,0,9.6
2019,11,10,5,15,9.4
2019,11,10,5,30,9.6
2019,11,10,5,45,9.8
2019,11,10,6,0,9.6
2019,11,10,6,15,9.7
2019,11,10,6,30,9.5
2019,11,10,6,45,8.9
2019,11,10,7,0,8.5
2019,11,10,7,15,8.2
2019,11,10,7,30,7.9
2019,11,10,7,45,7.9
2019,11,10,8,0,11.5
2019,11,10,8,15,14.5
2019,11,10,8,30,17.6
2019,11,10,8,45,20.6
2019,11,10,9,0,17.1
2019,11,10,9,15,13.9
2019,11,10,9,30,10.9
2019,11,10,9,45,7.6
2019,11,10,10,0,7.6
2019,11,10,10,15,6.8
2019,11,10,10,30,5.8
2019,11,10,10,45,5.1
2019,11,10,11,0,6.7
2019,11,10,11,15,7.1
2019,11,10,11,30,7.2
2019,11,10,11,45,9.7
2019,11,10,12,0,10.2
2019,11,10,12,15,11.5
2019,11,10,12,30,12.5
2019,11,10,12,45,10.9
2019,11,10,13,0,8.2
2019,11,10,13,15,6.6
2019,11,10,13,30,5.4
2019,11,10,13,45,4.6
2019,11,10,14,0,8.5
2019,11,10,14,15,12.5
2019,11,10,14,30,17
2019,11,10,14,45,21.5
2019,11,10,15,0,18.5
2019,11,10,15,15,15.4
2019,11,10,15,30,12.1
2019,11,10,15,45,8.9
2019,11,10,16,0,9.6
2019,11,10,16,15,10
2019,11,10,16,30,10.5
2019,11,10,16,45,10.9
2019,11,10,17,0,10.8
2019,11,10,17,15,10.8
2019,11,10,17,30,10.9
2019,11,10,17,45,10.9
2019,11,10,18,0,11
2019,11,10,18,15,11.2
2019,11,10,18,30,10.9
2019,11,10,18,45,10.7
2019,11,10,19,0,10.6
2019,11,10,19,15,10.6
2019,11,10,19,30,11
2019,11,10,19,45,10.8
2019,11,10,20,0,10.5
2019,11,10,20,15,10
2019,11,10,20,30,9.7
2019,11,10,20,45,9.7
2019,11,10,21,0,9.8
2019,11,10,21,15,10
2019,11,10,21,30,9.9
2019,11,10,21,45,9.9
2019,11,10,22,0,9.8
2019,11,10,22,15,9.8
2019,11,10,22,30,9.9
2019,11,10,22,45,9.9
2019,11,10,23,0,9.9
2019,11,10,23,15,9.9
2019,11,10,23,30,9.7
2019,11,10,23,45,9.9
2019,11,11,0,0,9.8
2019,11,11,0,15,9.9
2019,11,11,0,30,10.1
2019,11,11,0,45,10.2
2019,11,11,1,0,10.4
2019,11,11,1,15,10.4
2019,11,11,1,30,10.3
2019,11,11,1,45,10.3
2019,11,11,2,0,10.1
2019,11,11,2,15,10.1
2019,11,11,2,30,10.1
2019,11,11,2,45,10
2019,11,11,3,0,10.1
2019,11,11,3,15,10.1
2019,11,11,3,30,10.2
2019,11,11,3,45,10.2
2019,11,11,4,0,10.15
2019,11,11,4,15,10.15
2019,11,11,4,30,10.1
2019,11,11,4,45,10.2
2019,11,11,5,0,10.2
2019,11,11,5,15,10.5
2019,11,11,5,30,10.6
2019,11,11,5,45,10.7
2019,11,11,6,0,10.8
2019,11,11,6,15,10.7
2019,11,11,6,30,10.6
2019,11,11,6,45,10
2019,11,11,7,0,12.9
2019,11,11,7,15,15.7
2019,11,11,7,30,18.6
2019,11,11,7,45,21.6
2019,11,11,8,0,18
2019,11,11,8,15,14.2
2019,11,11,8,30,10.6
2019,11,11,8,45,6.6
2019,11,11,9,0,5.7
2019,11,11,9,15,4.9
2019,11,11,9,30,4.6
2019,11,11,9,45,4.6
2019,11,11,10,0,4.9
2019,11,11,10,15,4.9
2019,11,11,10,30,6.2
2019,11,11,10,45,8.8
2019,11,11,11,0,9.5
2019,11,11,11,15,10.3
2019,11,11,11,30,9.4
2019,11,11,11,45,7.2
2019,11,11,12,0,7
2019,11,11,12,15,6.7
2019,11,11,12,30,6.2
2019,11,11,12,45,6.1
2019,11,11,13,0,6.4
2019,11,11,13,15,8.1
2019,11,11,13,30,10.8
2019,11,11,13,45,13.1
2019,11,11,14,0,14.6
2019,11,11,14,15,14.5
2019,11,11,14,30,12.3
2019,11,11,14,45,11.1
2019,11,11,15,0,10.5
2019,11,11,15,15,13.6
2019,11,11,15,30,18.1
2019,11,11,15,45,20.9
2019,11,11,16,0,22.2
2019,11,11,16,15,19.4
2019,11,11,16,30,16.5
2019,11,11,16,45,14.9
2019,11,11,17,0,14.3
2019,11,11,17,15,14.9
2019,11,11,17,30,14.8
2019,11,11,17,45,14.4
2019,11,11,18,0,13.7
2019,11,11,18,15,12.7
2019,11,11,18,30,12.3
2019,11,11,18,45,12
2019,11,11,19,0,12.1
2019,11,11,19,15,12.1
2019,11,11,19,30,12.2
2019,11,11,19,45,12.4
2019,11,11,20,0,12.3
2019,11,11,20,15,12.3
2019,11,11,20,30,12.3
2019,11,11,20,45,12.1
2019,11,11,21,0,11.9
2019,11,11,21,15,11.5
2019,11,11,21,30,11.3
2019,11,11,21,45,11.3
2019,11,11,22,0,11.6
2019,11,11,22,15,12.4
2019,11,11,22,30,12.3
2019,11,11,22,45,12
2019,11,11,23,0,11.6
2019,11,11,23,15,10.8
2019,11,11,23,30,10.6
2019,11,11,23,45,10.1
2019,11,12,0,0,9.9
2019,11,12,0,15,9.9
2019,11,12,0,30,9.9
2019,11,12,0,45,9.9
2019,11,12,1,0,10
2019,11,12,1,15,10
2019,11,12,1,30,10
2019,11,12,1,45,10.1
2019,11,12,2,0,10
2019,11,12,2,15,10
2019,11,12,2,30,10
2019,11,12,2,45,10.1
2019,11,12,3,0,10.05
2019,11,12,3,15,10.05
2019,11,12,3,30,10
2019,11,12,3,45,9.9
2019,11,12,4,0,9.85
2019,11,12,4,15,9.85
2019,11,12,4,30,9.8
2019,11,12,4,45,10
2019,11,12,5,0,10
2019,11,12,5,15,10.2
2019,11,12,5,30,10.2
2019,11,12,5,45,10.1
2019,11,12,6,0,10.1
2019,11,12,6,15,10.1
2019,11,12,6,30,10.3
2019,11,12,6,45,10.8
2019,11,12,7,0,10.9
2019,11,12,7,15,10.9
2019,11,12,7,30,10.4
2019,11,12,7,45,9.6
2019,11,12,8,0,9
2019,11,12,8,15,8.7
2019,11,12,8,30,8.3
2019,11,12,8,45,7.9
2019,11,12,9,0,12.3
2019,11,12,9,15,18.7
2019,11,12,9,30,22.8
2019,11,12,9,45,25.8
2019,11,12,10,0,21.4
2019,11,12,10,15,14.7
2019,11,12,10,30,10.2
2019,11,12,10,45,14.2
2019,11,12,11,0,25.8
2019,11,12,11,15,35.8
2019,11,12,11,30,47.4
2019,11,12,11,45,52.2
2019,11,12,12,0,52.2
2019,11,12,12,15,53.8
2019,11,12,12,30,53.9
2019,11,12,12,45,53.5
2019,11,12,13,0,53.5
2019,11,12,13,15,55.7
2019,11,12,13,30,59.6
2019,11,12,13,45,63.4
2019,11,12,14,0,66.4
2019,11,12,14,15,65.6
2019,11,12,14,30,62.8
2019,11,12,14,45,60
2019,11,12,15,0,61
2019,11,12,15,15,61.8
2019,11,12,15,30,59.3
2019,11,12,15,45,49.1
2019,11,12,16,0,34.4
2019,11,12,16,15,21
2019,11,12,16,30,12.1
2019,11,12,16,45,10.9
2019,11,12,17,0,10.8
2019,11,12,17,15,10.9
2019,11,12,17,30,11
2019,11,12,17,45,11.2
2019,11,12,18,0,11.3
2019,11,12,18,15,11.5
2019,11,12,18,30,11.4
2019,11,12,18,45,11.2
2019,11,12,19,0,13.2
2019,11,12,19,15,16.8
2019,11,12,19,30,20.3
2019,11,12,19,45,23.7
2019,11,12,20,0,22.7
2019,11,12,20,15,19
2019,11,12,20,30,15.2
2019,11,12,20,45,11.7
2019,11,12,21,0,10.3
2019,11,12,21,15,10.4
2019,11,12,21,30,10.2
2019,11,12,21,45,10
2019,11,12,22,0,10.2
2019,11,12,22,15,10.2
2019,11,12,22,30,10.5
2019,11,12,22,45,10.3
2019,11,12,23,0,10.1
2019,11,12,23,15,9.9
2019,11,12,23,30,9.9
2019,11,12,23,45,10.1
2019,11,13,0,0,10
2019,11,13,0,15,10
2019,11,13,0,30,9.8
2019,11,13,0,45,10
2019,11,13,1,0,9.7
2019,11,13,1,15,9.8
2019,11,13,1,30,9.8
2019,11,13,1,45,9.7
2019,11,13,2,0,10.1
2019,11,13,2,15,10
2019,11,13,2,30,10.2
2019,11,13,2,45,10.1
2019,11,13,3,0,10.05
2019,11,13,3,15,10.05
2019,11,13,3,30,10
2019,11,13,3,45,10
2019,11,13,4,0,10.05
2019,11,13,4,15,10.05
2019,11,13,4,30,10.1
2019,11,13,4,45,10.2
2019,11,13,5,0,10.4
2019,11,13,5,15,10.2
2019,11,13,5,30,10.3
2019,11,13,5,45,10.4
2019,11,13,6,0,10.2
2019,11,13,6,15,10.4
2019,11,13,6,30,10.5
2019,11,13,6,45,9.9
2019,11,13,7,0,9.7
2019,11,13,7,15,9.2
2019,11,13,7,30,8.3
2019,11,13,7,45,8
2019,11,13,8,0,7.3
2019,11,13,8,15,6.1
2019,11,13,8,30,5.7
2019,11,13,8,45,5.1
2019,11,13,9,0,4.9
2019,11,13,9,15,7.1
2019,11,13,9,30,8.8
2019,11,13,9,45,11.1
2019,11,13,10,0,13.4
2019,11,13,10,15,13.4
2019,11,13,10,30,14.3
2019,11,13,10,45,14.1
2019,11,13,11,0,12.2
2019,11,13,11,15,11.3
2019,11,13,11,30,9.7
2019,11,13,11,45,7.9
2019,11,13,12,0,8.5
2019,11,13,12,15,7.9
2019,11,13,12,30,7.4
2019,11,13,12,45,6.9
2019,11,13,13,0,5.5
2019,11,13,13,15,5.2
2019,11,13,13,30,4.3
2019,11,13,13,45,5
2019,11,13,14,0,6.9
2019,11,13,14,15,8.5
2019,11,13,14,30,10.6
2019,11,13,14,45,12
2019,11,13,15,0,12.3
2019,11,13,15,15,12.3
2019,11,13,15,30,12.8
2019,11,13,15,45,12.9
2019,11,13,16,0,13
2019,11,13,16,15,12.9
2019,11,13,16,30,12.2
2019,11,13,16,45,11.3
2019,11,13,17,0,10.3
2019,11,13,17,15,10.6
2019,11,13,17,30,10.5
2019,11,13,17,45,10.8
2019,11,13,18,0,11.2
2019,11,13,18,15,11.1
2019,11,13,18,30,11.2
2019,11,13,18,45,11.3
2019,11,13,19,0,11.4
2019,11,13,19,15,11.3
2019,11,13,19,30,11.4
2019,11,13,19,45,11.6
2019,11,13,20,0,11.6
2019,11,13,20,15,11.4
2019,11,13,20,30,11.1
2019,11,13,20,45,10.6
2019,11,13,21,0,10.3
2019,11,13,21,15,10.1
2019,11,13,21,30,9.7
2019,11,13,21,45,9.7
2019,11,13,22,0,9.6
2019,11,13,22,15,9.9
2019,11,13,22,30,10.2
2019,11,13,22,45,10
2019,11,13,23,0,10
2019,11,13,23,15,9.7
2019,11,13,23,30,9.6
2019,11,13,23,45,9.9
2019,11,14,0,0,9.9
2019,11,14,0,15,9.9
2019,11,14,0,30,10
2019,11,14,0,45,10
2019,11,14,1,0,9.9
2019,11,14,1,15,10.2
2019,11,14,1,30,9.9
2019,11,14,1,45,9.7
2019,11,14,2,0,9.8
2019,11,14,2,15,9.7
2019,11,14,2,30,9.7
2019,11,14,2,45,9.7
2019,11,14,3,0,9.8
2019,11,14,3,15,9.8
2019,11,14,3,30,9.9
2019,11,14,3,45,10.2
2019,11,14,4,0,10.2
2019,11,14,4,15,10.2
2019,11,14,4,30,10.2
2019,11,14,4,45,10
2019,11,14,5,0,10.1
2019,11,14,5,15,10.4
2019,11,14,5,30,10.2
2019,11,14,5,45,11.2
2019,11,14,6,0,11.9
2019,11,14,6,15,12.1
2019,11,14,6,30,12.2
2019,11,14,6,45,11.2
2019,11,14,7,0,10
2019,11,14,7,15,9.1
2019,11,14,7,30,8.5
2019,11,14,7,45,8.1
2019,11,14,8,0,8.2
2019,11,14,8,15,7.7
2019,11,14,8,30,7.4
2019,11,14,8,45,7
2019,11,14,9,0,6.7
2019,11,14,9,15,6.8
2019,11,14,9,30,6.6
2019,11,14,9,45,6.6
2019,11,14,10,0,6.4
2019,11,14,10,15,6.2
2019,11,14,10,30,5.8
2019,11,14,10,45,5.7
2019,11,14,11,0,5.7
2019,11,14,11,15,5.9
2019,11,14,11,30,6
2019,11,14,11,45,5.6
2019,11,14,12,0,5.2
2019,11,14,12,15,4.6
2019,11,14,12,30,4.7
2019,11,14,12,45,4.9
2019,11,14,13,0,5.1
2019,11,14,13,15,5.1
2019,11,14,13,30,5.2
2019,11,14,13,45,5.4
2019,11,14,14,0,6.4
2019,11,14,14,15,10.4
2019,11,14,14,30,14.7
2019,11,14,14,45,19.1
2019,11,14,15,0,22.3
2019,11,14,15,15,21.1
2019,11,14,15,30,22.2
2019,11,14,15,45,20.9
2019,11,14,16,0,19.9
2019,11,14,16,15,20.1
2019,11,14,16,30,16
2019,11,14,16,45,14.1
2019,11,14,17,0,12
2019,11,14,17,15,10.6
2019,11,14,17,30,10.5
2019,11,14,17,45,10.4
2019,11,14,18,0,10.5
2019,11,14,18,15,10.2
2019,11,14,18,30,10
2019,11,14,18,45,9.9
2019,11,14,19,0,10.1
2019,11,14,19,15,10.5
2019,11,14,19,30,10.9
2019,11,14,19,45,11
2019,11,14,20,0,10.9
2019,11,14,20,15,10.8
2019,11,14,20,30,10.5
2019,11,14,20,45,10.7
2019,11,14,21,0,10.5
2019,11,14,21,15,10.3
2019,11,14,21,30,10.3
2019,11,14,21,45,10.5
2019,11,14,22,0,10.6
2019,11,14,22,15,11.1
2019,11,14,22,30,11.2
2019,11,14,22,45,11
2019,11,14,23,0,10.9
2019,11,14,23,17,10.6
2019,11,14,23,30,10.3
2019,11,14,23,45,10.1
2019,11,15,0,0,10.3
2019,11,15,0,15,10.4
2019,11,15,0,30,10.5
2019,11,15,0,45,10.6
2019,11,15,1,0,10.6
2019,11,15,1,15,10.8
2019,11,15,1,30,11
2019,11,15,1,45,11
2019,11,15,2,0,11.1
2019,11,15,2,15,11.3
2019,11,15,2,30,11.2
2019,11,15,2,45,11.3
2019,11,15,3,0,11
2019,11,15,3,15,11
2019,11,15,3,30,10.7
2019,11,15,3,45,10.6
2019,11,15,4,0,10.75
2019,11,15,4,15,10.75
2019,11,15,4,30,10.9
2019,11,15,4,45,11
2019,11,15,5,0,11
2019,11,15,5,15,11
2019,11,15,5,30,11
2019,11,15,5,45,11.5
2019,11,15,6,0,11.9
2019,11,15,6,15,12.4
2019,11,15,6,30,12.5
2019,11,15,6,45,12
2019,11,15,7,0,11.2
2019,11,15,7,15,13.7
2019,11,15,7,30,16.6
2019,11,15,7,45,19.8
2019,11,15,8,0,23.3
2019,11,15,8,15,19.9
2019,11,15,8,30,16
2019,11,15,8,45,14.7
2019,11,15,9,0,14.7
2019,11,15,9,15,15.6
2019,11,15,9,30,15.8
2019,11,15,9,45,13.2
2019,11,15,10,0,9.2
2019,11,15,10,15,9
2019,11,15,10,30,9.6
2019,11,15,10,45,9.5
2019,11,15,11,0,9.7
2019,11,15,11,15,8.6
2019,11,15,11,30,7.9
2019,11,15,11,45,7.8
2019,11,15,12,0,7.9
2019,11,15,12,15,8
2019,11,15,12,30,7.9
2019,11,15,12,45,7.8
2019,11,15,13,0,7.5
2019,11,15,13,15,7.4
2019,11,15,13,30,7.1
2019,11,15,13,45,7.3
2019,11,15,14,0,7.6
2019,11,15,14,15,7.6
2019,11,15,14,30,8.3
2019,11,15,14,45,8.4
2019,11,15,15,0,8.8
2019,11,15,15,15,11.7
2019,11,15,15,30,15.8
2019,11,15,15,45,19.9
2019,11,15,16,0,23.8
2019,11,15,16,15,22.5
2019,11,15,16,30,18.9
2019,11,15,16,45,15.2
2019,11,15,17,0,11.5
2019,11,15,17,15,10.9
2019,11,15,17,30,10.8
2019,11,15,17,45,10.9
2019,11,15,18,0,10.9
2019,11,15,18,15,10.8
2019,11,15,18,30,10.8
2019,11,15,18,45,11.1
2019,11,15,19,0,11.1
2019,11,15,19,15,11.5
2019,11,15,19,30,11.8
2019,11,15,19,45,11.7
2019,11,15,20,0,11.7
2019,11,15,20,15,11.2
2019,11,15,20,30,10.9
2019,11,15,20,45,10.8
2019,11,15,21,0,10.9
2019,11,15,21,15,10.7
2019,11,15,21,30,10.6
2019,11,15,21,45,10.4
2019,11,15,22,0,10.6
2019,11,15,22,15,11
2019,11,15,22,30,11.1
2019,11,15,22,45,11
2019,11,15,23,2,10.8
2019,11,15,23,17,10.8
2019,11,15,23,30,10.6
2019,11,15,23,45,10.8
2019,11,16,0,0,10.55
2019,11,16,0,15,10.55
2019,11,16,0,30,10.3
2019,11,16,0,45,10.2
2019,11,16,1,0,10.3
2019,11,16,1,15,10.4
2019,11,16,1,30,10.2
2019,11,16,1,45,10.4
2019,11,16,2,0,10.2
2019,11,16,2,15,10.4
2019,11,16,2,30,10.5
2019,11,16,2,45,10.5
2019,11,16,3,0,10.35
2019,11,16,3,15,10.35
2019,11,16,3,30,10.2
2019,11,16,3,45,10.1
2019,11,16,4,0,10.15
2019,11,16,4,15,10.15
2019,11,16,4,30,10.2
2019,11,16,4,45,10.1
2019,11,16,5,0,10.3
2019,11,16,5,15,10.1
2019,11,16,5,30,10.1
2019,11,16,5,45,10.4
2019,11,16,6,0,10.6
2019,11,16,6,15,11
2019,11,16,6,30,11.1
2019,11,16,6,45,10.7
2019,11,16,7,0,10.2
2019,11,16,7,15,9.9
2019,11,16,7,30,9.6
2019,11,16,7,45,9.8
2019,11,16,8,0,12.7
2019,11,16,8,15,16.1
2019,11,16,8,30,19.5
2019,11,16,8,45,22.6
2019,11,16,9,0,20.3
2019,11,16,9,15,16.7
2019,11,16,9,30,13
2019,11,16,9,45,9.4
2019,11,16,10,0,8.4
2019,11,16,10,15,8
2019,11,16,10,30,7.6
2019,11,16,10,45,7.3
2019,11,16,11,0,7.3
2019,11,16,11,15,7.3
2019,11,16,11,30,7.4
2019,11,16,11,45,7.5
2019,11,16,12,0,7.6
2019,11,16,12,15,8.1
2019,11,16,12,30,11.9
2019,11,16,12,45,15.7
2019,11,16,13,0,19.3
2019,11,16,13,15,20.9
2019,11,16,13,30,17.3
2019,11,16,13,45,13.3
2019,11,16,14,0,9.5
2019,11,16,14,15,7.2
2019,11,16,14,30,7.3
2019,11,16,14,45,7.2
2019,11,16,15,0,7.4
2019,11,16,15,15,7.6
2019,11,16,15,30,7.8
2019,11,16,15,45,8.4
2019,11,16,16,0,8.8
2019,11,16,16,15,8.8
2019,11,16,16,30,8.8
2019,11,16,16,45,8.8
2019,11,16,17,0,8.8
2019,11,16,17,15,8.9
2019,11,16,17,30,8.9
2019,11,16,17,45,9
2019,11,16,18,0,8.8
2019,11,16,18,15,9.4
2019,11,16,18,30,9.8
2019,11,16,18,45,10
2019,11,16,19,0,10.3
2019,11,16,19,15,10
2019,11,16,19,30,9.6
2019,11,16,19,45,9.5
2019,11,16,20,0,9.4
2019,11,16,20,15,9.3
2019,11,16,20,30,9.7
2019,11,16,20,45,9.8
2019,11,16,21,0,9.9
2019,11,16,21,15,9.8
2019,11,16,21,30,9.6
2019,11,16,21,45,9.6
2019,11,16,22,0,9.7
2019,11,16,22,15,10
2019,11,16,22,30,10
2019,11,16,22,45,9.8
2019,11,16,23,0,9.8
2019,11,16,23,15,9.7
2019,11,16,23,30,9.6
2019,11,16,23,45,9.6
2019,11,17,0,0,9.6
2019,11,17,0,15,9.6
2019,11,17,0,30,9.8
2019,11,17,0,45,9.8
2019,11,17,1,0,9.7
2019,11,17,1,15,9.8
2019,11,17,1,30,9.8
2019,11,17,1,45,9.7
2019,11,17,2,0,9.8
2019,11,17,2,15,9.8
2019,11,17,2,30,9.7
2019,11,17,2,45,9.9
2019,11,17,3,0,9.85
2019,11,17,3,15,9.85
2019,11,17,3,30,9.8
2019,11,17,3,45,9.9
2019,11,17,4,0,9.9
2019,11,17,4,15,9.9
2019,11,17,4,30,9.9
2019,11,17,4,45,9.9
2019,11,17,5,0,9.8
2019,11,17,5,15,10.1
2019,11,17,5,30,10.4
2019,11,17,5,45,10.9
2019,11,17,6,0,11.7
2019,11,17,6,15,11.9
2019,11,17,6,30,11.9
2019,11,17,6,45,11.2
2019,11,17,7,0,10.1
2019,11,17,7,15,9.3
2019,11,17,7,30,8.6
2019,11,17,7,45,8
2019,11,17,8,0,8.2
2019,11,17,8,15,10.7
2019,11,17,8,30,12.6
2019,11,17,8,45,14.3
2019,11,17,9,0,14.3
2019,11,17,9,15,12.1
2019,11,17,9,30,10.8
2019,11,17,9,45,10.1
2019,11,17,10,0,10.5
2019,11,17,10,15,9.6
2019,11,17,10,30,8.8
2019,11,17,10,45,9.1
2019,11,17,11,0,9.1
2019,11,17,11,15,9.9
2019,11,17,11,30,10
2019,11,17,11,45,7.9
2019,11,17,12,0,6.1
2019,11,17,12,15,4.6
2019,11,17,12,30,3.5
2019,11,17,12,45,3.7
2019,11,17,13,0,3.9
2019,11,17,13,15,4
2019,11,17,13,30,4.5
